Z,Drift,CCS,CCS Std.Dev.
21,0.000138,2109.28,54.5015
21,0.000276,2173.16,53.0095
21,0.000415,2235.81,51.6444
21,0.000553,2296.51,50.3766
21,0.000691,2355.76,49.1892
21,0.00083,2414.06,48.0733
21,0.000968,2470.67,46.9967
21,0.001106,2526.07,45.9864
21,0.001244,2580.34,45.0319
21,0.001383,2633.9,44.1184
21,0.001521,2686.09,43.3011
21,0.001659,2737.36,42.5605
21,0.001797,2787.73,41.8186
21,0.001936,2837.62,41.1107
21,0.002074,2886.32,40.4414
21,0.002212,2934.25,39.8454
21,0.00235,2981.42,39.183
21,0.002489,3028.19,38.5628
21,0.002627,3073.98,38.0374
21,0.002765,3119.09,37.5321
21,0.002903,3163.66,37.0304
21,0.003042,3207.91,36.5588
21,0.00318,3251.28,36.1153
21,0.003318,3294.1,35.6672
21,0.003456,3336.39,35.2584
21,0.003595,3378.48,34.8691
21,0.003733,3419.77,34.4724
21,0.003871,3460.59,34.1006
21,0.004009,3500.96,33.7441
21,0.004148,3541.16,33.384
21,0.004286,3580.65,33.0476
21,0.004424,3619.58,32.5799
21,0.004562,3658.11,32.1928
21,0.004701,3696.53,31.8844
21,0.004839,3734.33,31.6296
21,0.004977,3771.86,31.4128
21,0.005115,3809.02,31.2127
21,0.005253,3845.85,30.9727
21,0.005392,3882.6,30.7192
21,0.00553,3918.73,30.4753
21,0.005668,3954.53,30.2511
21,0.005806,3990.02,30.014
21,0.005945,4025.47,29.7746
21,0.006083,4060.36,29.5464
21,0.006221,4094.97,29.3091
21,0.006359,4129.27,29.0859
21,0.006498,4163.51,28.8462
21,0.006636,4197.24,28.6392
21,0.006774,4230.7,28.4501
21,0.006912,4263.93,28.2691
21,0.007051,4297.14,28.0959
21,0.007189,4329.88,27.9319
21,0.007327,4362.37,27.7696
21,0.007465,4394.63,27.6075
21,0.007604,4426.89,27.4539
21,0.007742,4458.69,27.2979
21,0.00788,4490.28,27.146
21,0.008019,4521.87,26.9972
21,0.008157,4553.03,26.8533
21,0.008295,4583.98,26.7132
21,0.008433,4614.72,26.5768
21,0.008571,4645.27,26.444
21,0.00871,4675.84,26.3136
21,0.008848,4705.99,26.1876
21,0.008986,4735.96,26.0648
21,0.009125,4765.96,25.9443
21,0.009263,4795.56,25.8277
21,0.009401,4824.98,25.714
21,0.009539,4854.23,25.6033
21,0.009677,4883.3,25.4953
21,0.009816,4912.41,25.3893
21,0.009954,4941.15,25.2867
21,0.010092,4969.72,25.1866
21,0.010231,4998.34,25.0883
21,0.010369,5026.6,24.9932
21,0.010507,5054.69,24.9004
21,0.010645,5082.64,24.81
21,0.010783,5110.43,24.7217
21,0.010922,5138.28,24.635
21,0.01106,5165.78,24.5511
21,0.011198,5193.14,24.4692
21,0.011337,5220.55,24.3887
21,0.011475,5247.62,24.3108
21,0.011613,5274.56,24.2348
21,0.011751,5301.36,24.1607
21,0.011889,5328.03,24.0883
21,0.012028,5354.76,24.0173
21,0.012166,5381.16,23.9485
21,0.012304,5407.44,23.8813
21,0.012443,5433.78,23.8154
21,0.012581,5459.81,23.7515
21,0.012719,5485.71,23.6892
21,0.012857,5511.5,23.6284
21,0.012995,5537.16,23.5691
21,0.013134,5562.9,23.5109
21,0.013272,5588.33,23.4545
21,0.01341,5613.64,23.3995
21,0.013549,5639.03,23.3454
21,0.013687,5664.12,23.2931
21,0.013825,5689.1,23.2421
21,0.013963,5713.97,23.1924
21,0.014101,5738.74,23.1439
21,0.01424,5763.57,23.0963
21,0.014378,5788.12,23.0502
21,0.014516,5812.57,23.0053
21,0.014655,5837.09,22.9613
21,0.014793,5861.34,22.9186
21,0.014931,5885.48,22.877
21,0.015069,5909.53,22.8366
21,0.015208,5933.65,22.7968
21,0.015346,5957.5,22.7584
21,0.015484,5981.25,22.721
21,0.015622,6004.91,22.6845
21,0.01576,6028.48,22.6491
21,0.015899,6052.12,22.6143
21,0.016037,6075.51,22.5807
21,0.016175,6098.8,22.548
21,0.016313,6122.0,22.5161
21,0.016452,6145.28,22.4849
21,0.01659,6168.29,22.4268
21,0.016728,6191.11,22.2992
21,0.016867,6214.09,22.4173
21,0.017005,6237.01,22.5122
21,0.017143,6259.8,22.4153
21,0.017281,6282.44,22.3873
21,0.01742,6305.07,22.1902
21,0.017558,6327.51,22.26
21,0.017696,6349.93,22.3244
21,0.017834,6372.3,22.3204
21,0.017972,6394.59,22.3004
21,0.018111,6416.98,22.29
21,0.018249,6439.15,22.2922
21,0.018387,6461.27,22.2974
21,0.018525,6483.16,22.0646
21,0.018664,6504.84,21.7943
21,0.018802,6526.41,21.9608
21,0.01894,6548.17,22.1513
21,0.019079,6570.08,22.2389
21,0.019217,6591.75,22.1874
21,0.019355,6613.3,22.1223
21,0.019493,6634.76,22.0869
21,0.019632,6656.31,22.072
21,0.01977,6677.63,22.0608
21,0.019908,6698.85,22.02
21,0.020046,6719.98,21.9907
21,0.020184,6741.06,22.0028
21,0.020323,6762.25,22.0038
21,0.020461,6783.22,21.9987
21,0.020599,6804.13,21.9912
21,0.020737,6824.98,21.9843
21,0.020876,6845.92,21.9778
21,0.021014,6866.65,21.9719
21,0.021152,6887.31,21.9665
21,0.021291,6908.06,21.9617
21,0.021429,6928.61,21.9573
21,0.021567,6949.09,21.9535
21,0.021705,6969.52,21.9501
21,0.021844,6990.03,21.9472
21,0.021982,7010.34,21.9448
21,0.02212,7030.59,21.9429
21,0.022258,7050.78,21.9414
21,0.022396,7070.92,21.9403
21,0.022535,7091.14,21.9397
21,0.022673,7111.17,21.9395
21,0.022811,7131.14,21.9398
21,0.022949,7151.06,21.9404
21,0.023088,7171.06,21.9415
21,0.023226,7190.87,21.9429
21,0.023364,7210.63,21.9448
21,0.023503,7230.47,21.947
21,0.023641,7250.12,21.9497
21,0.023779,7269.72,21.9526
21,0.023917,7289.26,21.956
21,0.024056,7308.9,21.9597
21,0.024194,7328.35,21.9638
21,0.024332,7347.74,21.9682
21,0.02447,7367.09,21.973
21,0.024608,7386.38,21.9781
21,0.024747,7405.77,21.9835
21,0.024885,7424.81,21.7578
21,0.025023,7443.58,21.4672
21,0.025162,7462.41,21.4321
21,0.0253,7481.12,21.646
21,0.025438,7500.02,21.7864
21,0.025576,7518.9,21.9382
21,0.025715,7537.93,21.9804
21,0.025853,7556.78,22.0338
21,0.025991,7575.6,22.042
21,0.026129,7594.37,22.0504
21,0.026267,7613.09,22.0591
21,0.026406,7631.91,22.0681
21,0.026544,7650.55,22.0774
21,0.026682,7669.14,22.0868
21,0.02682,7687.69,22.0966
21,0.026959,7706.33,22.1067
21,0.027097,7724.8,22.1169
21,0.027235,7743.22,22.1274
21,0.027374,7761.73,22.1382
21,0.027512,7780.06,22.1482
22,0.000138,2320.37,50.9714
22,0.000276,2384.16,49.6993
22,0.000415,2446.86,48.4608
22,0.000553,2507.65,47.3151
22,0.000691,2567.1,46.2475
22,0.00083,2625.69,45.2434
22,0.000968,2682.67,44.3103
22,0.001106,2738.53,43.4323
22,0.001244,2793.33,42.604
22,0.001383,2847.51,41.8157
22,0.001521,2900.35,41.0717
22,0.001659,2952.25,40.3374
22,0.001797,3003.27,39.724
22,0.001936,3054.01,39.1451
22,0.002074,3103.52,38.463
22,0.002212,3152.23,37.8733
22,0.00235,3200.29,37.3628
22,0.002489,3248.04,36.8814
22,0.002627,3294.76,36.3195
22,0.002765,3340.65,35.7153
22,0.002903,3386.1,35.3784
22,0.003042,3431.34,34.9867
22,0.00318,3475.69,34.5449
22,0.003318,3519.49,34.1191
22,0.003456,3562.77,33.7313
22,0.003595,3605.85,33.356
22,0.003733,3648.15,32.9976
22,0.003871,3689.98,32.6526
22,0.004009,3731.36,32.3204
22,0.004148,3772.6,31.9979
22,0.004286,3813.12,31.6892
22,0.004424,3853.23,31.3913
22,0.004562,3892.91,31.0425
22,0.004701,3932.25,30.539
22,0.004839,3970.95,30.2726
22,0.004977,4009.39,30.1318
22,0.005115,4047.58,29.9643
22,0.005253,4085.45,29.8055
22,0.005392,4123.32,29.6018
22,0.00553,4160.57,29.3409
22,0.005668,4197.45,29.0772
22,0.005806,4234.01,28.8244
22,0.005945,4270.51,28.6056
22,0.006083,4306.45,28.4014
22,0.006221,4342.1,28.2034
22,0.006359,4377.47,28.0113
22,0.006498,4412.82,27.8237
22,0.006636,4447.65,27.6429
22,0.006774,4482.21,27.4674
22,0.006912,4516.47,27.2606
22,0.007051,4550.64,27.0327
22,0.007189,4584.37,26.9095
22,0.007327,4617.89,26.7813
22,0.007465,4651.19,26.6273
22,0.007604,4684.5,26.4765
22,0.007742,4717.35,26.3308
22,0.00788,4749.97,26.1892
22,0.008019,4782.61,26.0503
22,0.008157,4814.79,25.9162
22,0.008295,4846.77,25.7857
22,0.008433,4878.54,25.6587
22,0.008571,4910.12,25.5351
22,0.00871,4941.72,25.4138
22,0.008848,4972.89,25.2967
22,0.008986,5003.88,25.1826
22,0.009125,5034.9,25.0707
22,0.009263,5065.52,24.9625
22,0.009401,5095.95,24.8571
22,0.009539,5126.21,24.7545
22,0.009677,5156.29,24.6545
22,0.009816,5186.42,24.5564
22,0.009954,5216.16,24.4615
22,0.010092,5245.73,24.3691
22,0.010231,5275.35,24.2784
22,0.010369,5304.6,24.1906
22,0.010507,5333.69,24.1051
22,0.010645,5362.62,24.0218
22,0.010783,5391.41,23.9406
22,0.010922,5420.24,23.8609
22,0.01106,5448.72,23.7838
22,0.011198,5477.06,23.7086
22,0.011337,5505.45,23.6348
22,0.011475,5533.49,23.5634
22,0.011613,5561.4,23.4938
22,0.011751,5589.17,23.426
22,0.011889,5616.8,23.3599
22,0.012028,5644.49,23.295
22,0.012166,5671.85,23.2321
22,0.012304,5699.08,23.1709
22,0.012443,5726.38,23.1108
22,0.012581,5753.36,23.0526
22,0.012719,5780.2,22.9958
22,0.012857,5806.93,22.9405
22,0.012995,5833.53,22.8866
22,0.013134,5860.2,22.8337
22,0.013272,5886.56,22.7824
22,0.01341,5912.81,22.7325
22,0.013549,5939.12,22.6834
22,0.013687,5965.13,22.6359
22,0.013825,5991.03,22.5897
22,0.013963,6016.81,22.5445
22,0.014101,6042.48,22.5005
22,0.01424,6068.23,22.4573
22,0.014378,6093.68,22.4155
22,0.014516,6119.03,22.3748
22,0.014655,6144.45,22.3347
22,0.014793,6169.58,22.2803
22,0.014931,6194.49,22.1284
22,0.015069,6219.43,22.2747
22,0.015208,6244.57,22.2549
22,0.015346,6269.38,22.2767
22,0.015484,6294.06,22.113
22,0.015622,6318.57,22.0676
22,0.01576,6343.03,22.1227
22,0.015899,6367.64,22.1319
22,0.016037,6392.0,22.104
22,0.016175,6416.27,22.0923
22,0.016313,6440.48,22.0909
22,0.016452,6464.75,22.0042
22,0.01659,6488.5,21.6847
22,0.016728,6512.02,21.636
22,0.016867,6535.87,21.8959
22,0.017005,6559.66,22.0355
22,0.017143,6583.36,21.9724
22,0.017281,6606.93,21.8921
22,0.01742,6630.55,21.8481
22,0.017558,6653.92,21.8289
22,0.017696,6677.2,21.813
22,0.017834,6700.36,21.7543
22,0.017972,6723.42,21.7393
22,0.018111,6746.6,21.7478
22,0.018249,6769.55,21.74
22,0.018387,6792.43,21.7277
22,0.018525,6815.23,21.7161
22,0.018664,6838.12,21.7051
22,0.018802,6860.77,21.6949
22,0.01894,6883.35,21.6853
22,0.019079,6906.02,21.6764
22,0.019217,6928.45,21.6681
22,0.019355,6950.82,21.6605
22,0.019493,6973.11,21.6535
22,0.019632,6995.49,21.647
22,0.01977,7017.65,21.6412
22,0.019908,7039.74,21.636
22,0.020046,7061.75,21.6314
22,0.020184,7083.71,21.6273
22,0.020323,7105.75,21.6237
22,0.020461,7127.57,21.6207
22,0.020599,7149.33,21.6183
22,0.020737,7171.02,21.6163
22,0.020876,7192.8,21.6149
22,0.021014,7214.36,21.614
22,0.021152,7235.86,21.6135
22,0.021291,7257.46,21.6136
22,0.021429,7278.83,21.6141
22,0.021567,7300.15,21.6151
22,0.021705,7321.4,21.6165
22,0.021844,7342.75,21.6184
22,0.021982,7363.88,21.6207
22,0.02212,7384.96,21.6235
22,0.022258,7405.95,21.5705
22,0.022396,7426.71,21.3172
22,0.022535,7447.26,21.0443
22,0.022673,7467.71,21.161
22,0.022811,7488.28,21.354
22,0.022949,7508.9,21.5297
22,0.023088,7529.69,21.605
22,0.023226,7550.29,21.6559
22,0.023364,7570.86,21.6622
22,0.023503,7591.51,21.6689
22,0.023641,7611.97,21.6759
22,0.023779,7632.37,21.6833
22,0.023917,7652.72,21.691
22,0.024056,7673.16,21.6991
22,0.024194,7693.4,21.7075
22,0.024332,7713.6,21.7162
22,0.02447,7733.74,21.7252
22,0.024608,7753.83,21.7345
22,0.024747,7774.01,21.7435
22,0.024885,7794.0,21.7463
22,0.025023,7813.92,21.7396
22,0.025162,7833.92,21.7299
22,0.0253,7853.72,21.7268
22,0.025438,7873.46,21.7285
22,0.025576,7893.15,21.7347
22,0.025715,7912.94,21.7439
22,0.025853,7932.53,21.7543
22,0.025991,7952.08,21.765
22,0.026129,7971.57,21.7759
22,0.026267,7991.02,21.7871
22,0.026406,8010.57,21.798
22,0.026544,8029.92,21.805
22,0.026682,8049.22,21.8114
22,0.02682,8068.48,21.8233
22,0.026959,8087.83,21.841
22,0.027097,8107.0,21.8568
22,0.027235,8126.13,21.8721
22,0.027374,8145.35,21.8862
22,0.027512,8164.39,21.8998
23,0.000138,2521.83,48.2939
23,0.000276,2585.9,47.1343
23,0.000415,2648.97,46.0448
23,0.000553,2710.23,45.0308
23,0.000691,2770.22,44.0782
23,0.00083,2829.43,43.1752
23,0.000968,2887.08,42.3272
23,0.001106,2943.62,41.498
23,0.001244,2999.14,40.7935
23,0.001383,3054.22,40.1164
23,0.001521,3107.93,39.3598
23,0.001659,3160.75,38.742
23,0.001797,3212.78,38.1838
23,0.001936,3264.44,37.5978
23,0.002074,3314.76,36.8615
23,0.002212,3364.42,36.4039
23,0.00235,3413.46,35.9905
23,0.002489,3462.2,35.4843
23,0.002627,3509.94,34.9969
23,0.002765,3557.05,34.5533
23,0.002903,3603.58,34.128
23,0.003042,3649.87,33.7171
23,0.00318,3695.28,33.3254
23,0.003318,3740.16,32.949
23,0.003456,3784.54,32.587
23,0.003595,3828.74,32.2361
23,0.003733,3872.12,31.8595
23,0.003871,3914.79,31.3003
23,0.004009,3957.02,30.9846
23,0.004148,3999.24,30.8027
23,0.004286,4040.83,30.5942
23,0.004424,4082.04,30.3965
23,0.004562,4122.93,30.1504
23,0.004701,4163.68,29.8424
23,0.004839,4203.72,29.5414
23,0.004977,4243.37,29.2709
23,0.005115,4282.67,29.0299
23,0.005253,4321.61,28.7967
23,0.005392,4360.5,28.5692
23,0.00553,4398.78,28.3505
23,0.005668,4436.74,28.1385
23,0.005806,4474.39,27.9331
23,0.005945,4512.01,27.7325
23,0.006083,4548.94,27.4461
23,0.006221,4585.56,27.2846
23,0.006359,4621.98,27.1412
23,0.006498,4658.41,26.9615
23,0.006636,4694.3,26.7882
23,0.006774,4729.92,26.6199
23,0.006912,4765.29,26.4564
23,0.007051,4800.65,26.2964
23,0.007189,4835.51,26.142
23,0.007327,4870.12,25.992
23,0.007465,4904.5,25.8462
23,0.007604,4938.89,25.7033
23,0.007742,4972.8,25.5655
23,0.00788,5006.48,25.4314
23,0.008019,5040.19,25.3001
23,0.008157,5073.43,25.1732
23,0.008295,5106.47,25.0498
23,0.008433,5139.29,24.9298
23,0.008571,5171.91,24.813
23,0.00871,5204.57,24.6985
23,0.008848,5236.79,24.5878
23,0.008986,5268.82,24.4802
23,0.009125,5300.88,24.3746
23,0.009263,5332.53,24.2726
23,0.009401,5364.0,24.1733
23,0.009539,5395.28,24.0766
23,0.009677,5426.39,23.9824
23,0.009816,5457.54,23.89
23,0.009954,5488.3,23.8007
23,0.010092,5518.88,23.7138
23,0.010231,5549.52,23.6284
23,0.010369,5579.78,23.5459
23,0.010507,5609.87,23.4656
23,0.010645,5639.8,23.3873
23,0.010783,5669.58,23.311
23,0.010922,5699.42,23.2362
23,0.01106,5728.88,23.1637
23,0.011198,5758.2,23.0932
23,0.011337,5787.58,23.0239
23,0.011475,5816.6,22.9569
23,0.011613,5845.48,22.8916
23,0.011751,5874.22,22.828
23,0.011889,5902.81,22.7659
23,0.012028,5931.47,22.705
23,0.012166,5959.79,22.646
23,0.012304,5987.98,22.5885
23,0.012443,6016.23,22.532
23,0.012581,6044.15,22.4774
23,0.012719,6071.93,22.4241
23,0.012857,6099.59,22.3721
23,0.012995,6127.13,22.3214
23,0.013134,6154.73,22.2707
23,0.013272,6181.95,22.1358
23,0.01341,6209.05,22.1806
23,0.013549,6236.34,22.1849
23,0.013687,6263.47,22.2206
23,0.013825,6290.29,22.0296
23,0.013963,6316.91,22.0197
23,0.014101,6343.59,22.0538
23,0.01424,6370.36,22.0508
23,0.014378,6396.84,22.0022
23,0.014516,6423.24,21.993
23,0.014655,6449.74,21.9883
23,0.014793,6475.75,21.6862
23,0.014931,6501.38,21.4727
23,0.015069,6527.07,21.777
23,0.015208,6553.18,21.9108
23,0.015346,6578.98,21.8324
23,0.015484,6604.62,21.7447
23,0.015622,6630.13,21.6992
23,0.01576,6655.54,21.6762
23,0.015899,6681.03,21.6342
23,0.016037,6706.19,21.5777
23,0.016175,6731.26,21.5786
23,0.016313,6756.27,21.5752
23,0.016452,6781.38,21.5565
23,0.01659,6806.21,21.5389
23,0.016728,6830.96,21.5221
23,0.016867,6855.8,21.5061
23,0.017005,6880.38,21.491
23,0.017143,6904.87,21.4768
23,0.017281,6929.27,21.4634
23,0.01742,6953.76,21.4507
23,0.017558,6978.0,21.4389
23,0.017696,7002.16,21.4278
23,0.017834,7026.23,21.4175
23,0.017972,7050.22,21.4079
23,0.018111,7074.31,21.3989
23,0.018249,7098.14,21.3908
23,0.018387,7121.9,21.3833
23,0.018525,7145.58,21.3765
23,0.018664,7169.35,21.3703
23,0.018802,7192.88,21.3648
23,0.01894,7216.33,21.36
23,0.019079,7239.88,21.3557
23,0.019217,7263.18,21.3521
23,0.019355,7286.41,21.3491
23,0.019493,7309.57,21.3467
23,0.019632,7332.83,21.3448
23,0.01977,7355.85,21.3435
23,0.019908,7378.79,21.3428
23,0.020046,7401.61,21.2371
23,0.020184,7424.19,20.9713
23,0.020323,7446.55,20.7498
23,0.020461,7468.78,20.9876
23,0.020599,7491.26,21.1483
23,0.020737,7513.72,21.301
23,0.020876,7536.34,21.3482
23,0.021014,7558.75,21.3515
23,0.021152,7581.09,21.3554
23,0.021291,7603.53,21.3597
23,0.021429,7625.74,21.3644
23,0.021567,7647.89,21.3696
23,0.021705,7669.98,21.3752
23,0.021844,7692.17,21.3813
23,0.021982,7714.14,21.3877
23,0.02212,7736.04,21.3946
23,0.022258,7757.89,21.4019
23,0.022396,7779.67,21.4054
23,0.022535,7801.54,21.3987
23,0.022673,7823.18,21.3851
23,0.022811,7844.74,21.3774
23,0.022949,7866.24,21.3763
23,0.023088,7887.84,21.3804
23,0.023226,7909.22,21.3879
23,0.023364,7930.54,21.3965
23,0.023503,7951.95,21.4055
23,0.023641,7973.16,21.4148
23,0.023779,7994.31,21.4245
23,0.023917,8015.41,21.4316
23,0.024056,8036.6,21.4349
23,0.024194,8057.57,21.4436
23,0.024332,8078.5,21.4599
23,0.02447,8099.37,21.4743
23,0.024608,8120.2,21.4887
23,0.024747,8141.12,21.5015
23,0.024885,8161.84,21.5139
23,0.025023,8182.51,21.5265
23,0.025162,8203.28,21.5395
23,0.0253,8223.85,21.5527
23,0.025438,8244.36,21.5662
23,0.025576,8264.83,21.5799
23,0.025715,8285.39,21.5941
23,0.025853,8305.76,21.6084
23,0.025991,8326.07,21.623
23,0.026129,8346.34,21.6378
23,0.026267,8366.56,21.6529
23,0.026406,8386.88,21.6684
23,0.026544,8407.0,21.684
23,0.026682,8427.07,21.6998
23,0.02682,8447.1,21.7159
23,0.026959,8467.23,21.7324
23,0.027097,8487.16,21.749
23,0.027235,8507.05,21.7658
23,0.027374,8527.04,21.7829
23,0.027512,8546.84,21.8002
24,0.000138,2715.58,46.3401
24,0.000276,2780.26,45.2845
24,0.000415,2844.02,44.2863
24,0.000553,2906.01,43.3379
24,0.000691,2966.69,42.4184
24,0.00083,3026.88,41.7191
24,0.000968,3085.41,40.8637
24,0.001106,3142.92,40.117
24,0.001244,3199.48,39.4653
24,0.001383,3255.55,38.8024
24,0.001521,3310.07,37.9995
24,0.001659,3363.92,37.4971
24,0.001797,3416.97,36.9996
24,0.001936,3469.65,36.4083
24,0.002074,3521.19,35.8805
24,0.002212,3572.01,35.3829
24,0.00235,3622.16,34.9069
24,0.002489,3672.01,34.448
24,0.002627,3720.88,34.0114
24,0.002765,3769.14,33.5926
24,0.002903,3816.82,33.1906
24,0.003042,3864.23,32.7222
24,0.00318,3910.5,32.1312
24,0.003318,3956.28,31.8245
24,0.003456,4001.73,31.5905
24,0.003595,4047.04,31.3909
24,0.003733,4091.65,31.1014
24,0.003871,4135.79,30.7684
24,0.004009,4179.43,30.4224
24,0.004148,4222.93,30.0919
24,0.004286,4265.67,29.8104
24,0.004424,4308.0,29.5383
24,0.004562,4349.93,29.2754
24,0.004701,4391.78,29.0192
24,0.004839,4432.95,28.7733
24,0.004977,4473.76,28.5353
24,0.005115,4514.2,28.2917
24,0.005253,4554.13,27.9742
24,0.005392,4594.07,27.8265
24,0.00553,4633.47,27.6239
24,0.005668,4672.54,27.4187
24,0.005806,4711.3,27.2196
24,0.005945,4750.02,27.0252
24,0.006083,4788.17,26.8378
24,0.006221,4826.02,26.656
24,0.006359,4863.59,26.4795
24,0.006498,4901.14,26.3069
24,0.006636,4938.15,26.1405
24,0.006774,4974.88,25.9789
24,0.006912,5011.36,25.8219
24,0.007051,5047.83,25.6683
24,0.007189,5083.79,25.5201
24,0.007327,5119.51,25.376
24,0.007465,5154.98,25.236
24,0.007604,5190.47,25.0989
24,0.007742,5225.47,24.9665
24,0.00788,5260.24,24.8378
24,0.008019,5295.03,24.7118
24,0.008157,5329.36,24.59
24,0.008295,5363.46,24.4716
24,0.008433,5397.36,24.3564
24,0.008571,5431.04,24.2443
24,0.00871,5464.77,24.1344
24,0.008848,5498.05,24.0283
24,0.008986,5531.13,23.925
24,0.009125,5564.25,23.8237
24,0.009263,5596.95,23.7258
24,0.009401,5629.45,23.6305
24,0.009539,5661.77,23.5377
24,0.009677,5693.91,23.4473
24,0.009816,5726.1,23.3587
24,0.009954,5757.88,23.2729
24,0.010092,5789.48,23.1895
24,0.010231,5821.15,23.1076
24,0.010369,5852.41,23.0283
24,0.010507,5883.51,22.9511
24,0.010645,5914.44,22.8759
24,0.010783,5945.22,22.8026
24,0.010922,5976.05,22.7306
24,0.01106,6006.51,22.661
24,0.011198,6036.81,22.5931
24,0.011337,6067.17,22.5265
24,0.011475,6097.17,22.4619
24,0.011613,6127.01,22.399
24,0.011751,6156.71,22.3294
24,0.011889,6186.12,22.145
24,0.012028,6215.84,22.3319
24,0.012166,6245.25,22.2803
24,0.012304,6274.46,22.1361
24,0.012443,6303.65,22.0245
24,0.012581,6332.53,22.0839
24,0.012719,6361.36,22.0856
24,0.012857,6390.11,22.0242
24,0.012995,6418.74,22.0074
24,0.013134,6447.48,21.9711
24,0.013272,6475.53,21.5561
24,0.01341,6503.33,21.5648
24,0.013549,6531.59,21.8227
24,0.013687,6559.65,21.8692
24,0.013825,6587.55,21.7439
24,0.013963,6615.27,21.6741
24,0.014101,6642.87,21.6401
24,0.01424,6670.55,21.6019
24,0.014378,6697.86,21.5255
24,0.014516,6725.07,21.5177
24,0.014655,6752.39,21.5067
24,0.014793,6779.42,21.4806
24,0.014931,6806.35,21.4555
24,0.015069,6833.17,21.4316
24,0.015208,6860.08,21.4086
24,0.015346,6886.7,21.3869
24,0.015484,6913.21,21.3661
24,0.015622,6939.63,21.3464
24,0.01576,6965.95,21.3277
24,0.015899,6992.36,21.3098
24,0.016037,7018.49,21.293
24,0.016175,7044.52,21.2771
24,0.016313,7070.46,21.2621
24,0.016452,7096.49,21.2479
24,0.01659,7122.24,21.2347
24,0.016728,7147.9,21.2224
24,0.016867,7173.66,21.2108
24,0.017005,7199.15,21.2001
24,0.017143,7224.54,21.1902
24,0.017281,7249.85,21.1811
24,0.01742,7275.26,21.1727
24,0.017558,7300.4,21.1651
24,0.017696,7325.45,21.1583
24,0.017834,7350.43,21.1521
24,0.017972,7375.32,21.1467
24,0.018111,7400.21,20.9941
24,0.018249,7424.48,20.6036
24,0.018387,7448.68,20.5949
24,0.018525,7472.9,20.8449
24,0.018664,7497.46,21.0125
24,0.018802,7521.82,21.1241
24,0.01894,7546.15,21.1233
24,0.019079,7570.58,21.123
24,0.019217,7594.76,21.1234
24,0.019355,7618.86,21.1244
24,0.019493,7642.89,21.1259
24,0.019632,7667.02,21.128
24,0.01977,7690.91,21.1306
24,0.019908,7714.72,21.1338
24,0.020046,7738.46,21.1374
24,0.020184,7762.13,21.1406
24,0.020323,7785.9,21.1349
24,0.020461,7809.4,21.1172
24,0.020599,7832.82,21.1026
24,0.020737,7856.16,21.0972
24,0.020876,7879.59,21.0976
24,0.021014,7902.79,21.1023
24,0.021152,7925.92,21.1081
24,0.021291,7949.15,21.1145
24,0.021429,7972.14,21.1212
24,0.021567,7995.07,21.1283
24,0.021705,8017.93,21.1304
24,0.021844,8040.88,21.1318
24,0.021982,8063.61,21.1436
24,0.02212,8086.28,21.1568
24,0.022258,8108.89,21.1699
24,0.022396,8131.43,21.1804
24,0.022535,8154.08,21.1907
24,0.022673,8176.51,21.2013
24,0.022811,8198.87,21.2122
24,0.022949,8221.18,21.2235
24,0.023088,8243.58,21.2353
24,0.023226,8265.77,21.2474
24,0.023364,8287.89,21.2598
24,0.023503,8310.12,21.2727
24,0.023641,8332.13,21.2858
24,0.023779,8354.08,21.2993
24,0.023917,8375.98,21.3131
24,0.024056,8397.97,21.3273
24,0.024194,8419.76,21.3417
24,0.024332,8441.49,21.3565
24,0.02447,8463.16,21.3716
24,0.024608,8484.78,21.387
24,0.024747,8506.5,21.4028
24,0.024885,8528.01,21.4187
24,0.025023,8549.47,21.435
24,0.025162,8571.03,21.4517
24,0.0253,8592.38,21.4686
24,0.025438,8613.68,21.4857
24,0.025576,8634.92,21.5031
24,0.025715,8656.28,21.5209
24,0.025853,8677.42,21.5388
24,0.025991,8698.52,21.557
24,0.026129,8719.56,21.5754
24,0.026267,8740.56,21.5941
24,0.026406,8761.65,21.6132
24,0.026544,8782.55,21.6324
24,0.026682,8803.4,21.6518
24,0.02682,8824.2,21.6714
24,0.026959,8845.1,21.6915
24,0.027097,8865.8,21.7116
24,0.027235,8886.46,21.7319
24,0.027374,8907.22,21.7526
24,0.027512,8927.78,21.7733
25,0.000138,2903.14,44.9034
25,0.000276,2968.62,43.9623
25,0.000415,3033.37,43.0983
25,0.000553,3096.32,42.0934
25,0.000691,3158.1,41.3401
25,0.00083,3219.26,40.5996
25,0.000968,3278.75,39.705
25,0.001106,3337.26,39.0627
25,0.001244,3394.88,38.4961
25,0.001383,3452.03,37.8252
25,0.001521,3507.87,37.2175
25,0.001659,3562.88,36.6481
25,0.001797,3617.1,36.1049
25,0.001936,3670.94,35.5825
25,0.002074,3723.66,35.0867
25,0.002212,3775.69,34.6122
25,0.00235,3827.04,34.1398
25,0.002489,3877.86,33.4653
25,0.002627,3927.61,33.0268
25,0.002765,3976.96,32.7644
25,0.002903,4025.8,32.4899
25,0.003042,4074.51,32.1576
25,0.00318,4122.33,31.7799
25,0.003318,4169.57,31.3844
25,0.003456,4216.27,31.0141
25,0.003595,4262.8,30.6874
25,0.003733,4308.52,30.3745
25,0.003871,4353.77,30.0725
25,0.004009,4398.58,29.781
25,0.004148,4443.27,29.4974
25,0.004286,4487.22,29.2253
25,0.004424,4530.68,28.8832
25,0.004562,4573.65,28.6263
25,0.004701,4616.63,28.4291
25,0.004839,4658.96,28.1885
25,0.004977,4700.92,27.9554
25,0.005115,4742.52,27.7297
25,0.005253,4783.76,27.5109
25,0.005392,4824.96,27.2973
25,0.00553,4865.52,27.0917
25,0.005668,4905.76,26.8923
25,0.005806,4945.68,26.6988
25,0.005945,4985.57,26.5098
25,0.006083,5024.87,26.3277
25,0.006221,5063.87,26.1509
25,0.006359,5102.58,25.9793
25,0.006498,5141.28,25.8114
25,0.006636,5179.42,25.6496
25,0.006774,5217.29,25.4923
25,0.006912,5254.9,25.3396
25,0.007051,5292.51,25.1901
25,0.007189,5329.59,25.0458
25,0.007327,5366.42,24.9056
25,0.007465,5403.0,24.7692
25,0.007604,5439.6,24.6357
25,0.007742,5475.71,24.5068
25,0.00788,5511.57,24.3815
25,0.008019,5547.47,24.2587
25,0.008157,5582.88,24.14
25,0.008295,5618.07,24.0246
25,0.008433,5653.05,23.9123
25,0.008571,5687.81,23.8029
25,0.00871,5722.61,23.6957
25,0.008848,5756.95,23.5922
25,0.008986,5791.09,23.4913
25,0.009125,5825.28,23.3924
25,0.009263,5859.02,23.2967
25,0.009401,5892.57,23.2036
25,0.009539,5925.93,23.1128
25,0.009677,5959.1,23.0244
25,0.009816,5992.32,22.9376
25,0.009954,6025.12,22.8536
25,0.010092,6057.75,22.7718
25,0.010231,6090.43,22.6915
25,0.010369,6122.7,22.6137
25,0.010507,6154.78,22.5124
25,0.010645,6186.6,22.4171
25,0.010783,6218.44,22.4796
25,0.010922,6250.48,22.4791
25,0.01106,6281.85,22.1874
25,0.011198,6313.16,22.2462
25,0.011337,6344.63,22.25
25,0.011475,6375.76,22.1779
25,0.011613,6406.75,22.15
25,0.011751,6437.62,22.1043
25,0.011889,6467.98,21.6626
25,0.012028,6498.29,21.7089
25,0.012166,6528.67,21.9445
25,0.012304,6558.98,21.9303
25,0.012443,6589.31,21.8038
25,0.012581,6619.25,21.7379
25,0.012719,6649.04,21.6991
25,0.012857,6678.68,21.6212
25,0.012995,6708.13,21.5716
25,0.013134,6737.71,21.5603
25,0.013272,6766.97,21.5271
25,0.01341,6796.11,21.4924
25,0.013549,6825.34,21.4589
25,0.013687,6854.23,21.4269
25,0.013825,6883.01,21.3963
25,0.013963,6911.67,21.3669
25,0.014101,6940.22,21.3389
25,0.01424,6968.85,21.3118
25,0.014378,6997.17,21.2862
25,0.014516,7025.37,21.2617
25,0.014655,7053.67,21.2383
25,0.014793,7081.66,21.2161
25,0.014931,7109.54,21.1951
25,0.015069,7137.31,21.1751
25,0.015208,7165.18,21.156
25,0.015346,7192.74,21.1382
25,0.015484,7220.2,21.1213
25,0.015622,7247.56,21.1054
25,0.01576,7274.82,21.0905
25,0.015899,7302.17,21.0765
25,0.016037,7329.24,21.0634
25,0.016175,7356.2,21.0513
25,0.016313,7383.06,21.0103
25,0.016452,7409.7,20.6225
25,0.01659,7435.78,20.451
25,0.016728,7461.98,20.7146
25,0.016867,7488.54,20.8881
25,0.017005,7514.9,20.9924
25,0.017143,7541.21,20.9861
25,0.017281,7567.43,20.9807
25,0.01742,7593.75,20.9759
25,0.017558,7619.79,20.9719
25,0.017696,7645.75,20.9686
25,0.017834,7671.63,20.9661
25,0.017972,7697.42,20.9642
25,0.018111,7723.31,20.9631
25,0.018249,7748.93,20.9623
25,0.018387,7774.47,20.9537
25,0.018525,7799.9,20.9306
25,0.018664,7825.41,20.9099
25,0.018802,7850.65,20.9
25,0.01894,7875.8,20.897
25,0.019079,7901.06,20.8981
25,0.019217,7926.05,20.9001
25,0.019355,7950.97,20.9026
25,0.019493,7975.81,20.9058
25,0.019632,8000.74,20.9071
25,0.01977,8025.42,20.9035
25,0.019908,8050.02,20.9071
25,0.020046,8074.55,20.9184
25,0.020184,8099.01,20.9283
25,0.020323,8123.58,20.9363
25,0.020461,8147.9,20.9433
25,0.020599,8172.14,20.9508
25,0.020737,8196.32,20.9588
25,0.020876,8220.6,20.9674
25,0.021014,8244.63,20.9764
25,0.021152,8268.6,20.9858
25,0.021291,8292.67,20.9958
25,0.021429,8316.5,21.0061
25,0.021567,8340.26,21.0169
25,0.021705,8363.96,21.0282
25,0.021844,8387.76,21.0399
25,0.021982,8411.32,21.052
25,0.02212,8434.82,21.0645
25,0.022258,8458.26,21.0774
25,0.022396,8481.63,21.0907
25,0.022535,8505.1,21.1045
25,0.022673,8528.35,21.1186
25,0.022811,8551.53,21.1331
25,0.022949,8574.65,21.1479
25,0.023088,8597.88,21.1633
25,0.023226,8620.88,21.1788
25,0.023364,8643.82,21.1947
25,0.023503,8666.86,21.2111
25,0.023641,8689.68,21.2277
25,0.023779,8712.44,21.2447
25,0.023917,8735.15,21.2619
25,0.024056,8757.95,21.2797
25,0.024194,8780.54,21.2976
25,0.024332,8803.07,21.3158
25,0.02447,8825.55,21.3343
25,0.024608,8847.97,21.3531
25,0.024747,8870.49,21.3724
25,0.024885,8892.8,21.3918
25,0.025023,8915.05,21.4114
25,0.025162,8937.41,21.4315
25,0.0253,8959.56,21.4518
25,0.025438,8981.65,21.4723
25,0.025576,9003.69,21.493
25,0.025715,9025.83,21.5142
25,0.025853,9047.76,21.5355
25,0.025991,9069.64,21.557
25,0.026129,9091.47,21.5787
25,0.026267,9113.23,21.5626
25,0.026406,9134.88,21.2383
25,0.026544,9155.88,20.9169
25,0.026682,9176.93,21.1657
25,0.02682,9198.29,21.453
25,0.026959,9219.88,21.6595
25,0.027097,9241.33,21.7332
25,0.027235,9262.76,21.7567
25,0.027374,9284.29,21.7806
25,0.027512,9305.62,21.8045
