Protein,Charge,Drift,CCS,CCS Std.Dev.,Normalized_Intensity,Scaled_Intensity,m/z
mAb4,21,0.000138,2109.28,54.5015,0.00029037537616810095,20.125198722685052,7004.1120379047625
mAb4,21,0.000276,2173.16,53.0095,0.0005860303046301673,40.61631014941892,7004.1120379047625
mAb4,21,0.000415,2235.81,51.6444,0.00042236418351723775,29.27301632390553,7004.1120379047625
mAb4,21,0.000553,2296.51,50.3766,0.00027981627158017,19.39337331458741,7004.1120379047625
mAb4,21,0.000691,2355.76,49.1892,0.000739137321155166,51.22777856683467,7004.1120379047625
mAb4,21,0.00083,2414.06,48.0733,0.0003167731376379283,21.954762242929146,7004.1120379047625
mAb4,21,0.000968,2470.67,46.9967,0.0003062140330499974,21.22293683483151,7004.1120379047625
mAb4,21,0.001106,2526.07,45.9864,0.0007866532918008553,54.52099290327405,7004.1120379047625
mAb4,21,0.001244,2580.34,45.0319,0.0005860303046301673,40.61631014941892,7004.1120379047625
mAb4,21,0.001383,2633.9,44.1184,0.0006282667229818911,43.543611781809474,7004.1120379047625
mAb4,21,0.001521,2686.09,43.3011,0.0005121165725146508,35.49353229273546,7004.1120379047625
mAb4,21,0.001659,2737.36,42.5605,0.00016366612111292964,11.343293825513394,7004.1120379047625
mAb4,21,0.001797,2787.73,41.8186,0.00029037537616810095,20.125198722685052,7004.1120379047625
mAb4,21,0.001936,2837.62,41.1107,0.0010347922496172324,71.71888999356854,7004.1120379047625
mAb4,21,0.002074,2886.32,40.4414,0.0002059025394646534,14.270595457903946,7004.1120379047625
mAb4,21,0.002212,2934.25,39.8454,0.0004118050789293068,28.541190915807892,7004.1120379047625
mAb4,21,0.00235,2981.42,39.183,0.0006863417982155113,47.568651526346486,7004.1120379047625
mAb4,21,0.002489,3028.19,38.5628,0.00031149358534396284,21.58884953888033,7004.1120379047625
mAb4,21,0.002627,3073.98,38.0374,0.00044348239269309964,30.736667140100806,7004.1120379047625
mAb4,21,0.002765,3119.09,37.5321,0.00033261179451982473,23.052500355075605,7004.1120379047625
mAb4,21,0.002903,3163.66,37.0304,0.0005332347816905126,36.95718310893073,7004.1120379047625
mAb4,21,0.003042,3207.91,36.5588,0.0004962779156327543,34.395794180589,7004.1120379047625
mAb4,21,0.00318,3251.28,36.1153,0.00019006388258275699,13.172857345757489,7004.1120379047625
mAb4,21,0.003318,3294.1,35.6672,0.0005332347816905126,36.95718310893073,7004.1120379047625
mAb4,21,0.003456,3336.39,35.2584,0.0006124280660999948,42.44587366966302,7004.1120379047625
mAb4,21,0.003595,3378.48,34.8691,0.0004487619449870651,31.102579844149627,7004.1120379047625
mAb4,21,0.003733,3419.77,34.4724,0.0006388258275698221,44.275437189907116,7004.1120379047625
mAb4,21,0.003871,3460.59,34.1006,0.00022702074864051528,15.734246274099222,7004.1120379047625
mAb4,21,0.004009,3500.96,33.7441,0.0005121165725146508,35.49353229273546,7004.1120379047625
mAb4,21,0.004148,3541.16,33.384,0.0002745367192862045,19.027460610538593,7004.1120379047625
mAb4,21,0.004286,3580.65,33.0476,0.0007232986642732697,50.13004045468822,7004.1120379047625
mAb4,21,0.004424,3619.58,32.5799,0.0003378913468137902,23.418413059124422,7004.1120379047625
mAb4,21,0.004562,3658.11,32.1928,6.863417982155113e-05,4.756865152634648,7004.1120379047625
mAb4,21,0.004701,3696.53,31.8844,0.0009344807560318885,64.76654861664099,7004.1120379047625
mAb4,21,0.004839,3734.33,31.6296,0.0006652235890396495,46.10500071015121,7004.1120379047625
mAb4,21,0.004977,3771.86,31.4128,0.0005279552293965472,36.59127040488191,7004.1120379047625
mAb4,21,0.005115,3809.02,31.2127,6.335462752758566e-05,4.390952448585829,7004.1120379047625
mAb4,21,0.005253,3845.85,30.9727,6.863417982155113e-05,4.756865152634648,7004.1120379047625
mAb4,21,0.005392,3882.6,30.7192,0.00026925716699223906,18.661547906489776,7004.1120379047625
mAb4,21,0.00553,3918.73,30.4753,0.0005121165725146508,35.49353229273546,7004.1120379047625
mAb4,21,0.005668,3954.53,30.2511,0.0,0.0,7004.1120379047625
mAb4,21,0.005806,3990.02,30.014,0.00030093448075603187,20.857024130782687,7004.1120379047625
mAb4,21,0.005945,4025.47,29.7746,0.0008341692624465445,57.81420723971342,7004.1120379047625
mAb4,21,0.006083,4060.36,29.5464,7.919328440948208e-05,5.4886905607322864,7004.1120379047625
mAb4,21,0.006221,4094.97,29.3091,0.0002745367192862045,19.027460610538593,7004.1120379047625
mAb4,21,0.006359,4129.27,29.0859,0.00030093448075603187,20.857024130782687,7004.1120379047625
mAb4,21,0.006498,4163.51,28.8462,6.863417982155113e-05,4.756865152634648,7004.1120379047625
mAb4,21,0.006636,4197.24,28.6392,0.0,0.0,7004.1120379047625
mAb4,21,0.006774,4230.7,28.4501,0.00038012776516551397,26.345714691514978,7004.1120379047625
mAb4,21,0.006912,4263.93,28.2691,0.0003590095559896521,24.8820638753197,7004.1120379047625
mAb4,21,0.007051,4297.14,28.0959,0.00019534343487672245,13.538770049806306,7004.1120379047625
mAb4,21,0.007189,4329.88,27.9319,0.0005279552293965472,36.59127040488191,7004.1120379047625
mAb4,21,0.007327,4362.37,27.7696,0.000918642099149992,63.66881050449452,7004.1120379047625
mAb4,21,0.007465,4394.63,27.6075,0.0003537300036956866,24.51615117127088,7004.1120379047625
mAb4,21,0.007604,4426.89,27.4539,0.0006969009028034422,48.30047693444412,7004.1120379047625
mAb4,21,0.007742,4458.69,27.2979,0.000939760308325854,65.1324613206898,7004.1120379047625
mAb4,21,0.00788,4490.28,27.146,0.001330447178079299,92.21000142030242,7004.1120379047625
mAb4,21,0.008019,4521.87,26.9972,0.002117100469880154,146.73099432357645,7004.1120379047625
mAb4,21,0.008157,4553.03,26.8533,0.00424476004434824,294.1938140552506,7004.1120379047625
mAb4,21,0.008295,4583.98,26.7132,0.0020801436038223957,144.16960539523473,7004.1120379047625
mAb4,21,0.008433,4614.72,26.5768,0.004107491684705137,284.68008374998124,7004.1120379047625
mAb4,21,0.008571,4645.27,26.444,0.0051581225912042655,357.4967118556963,7004.1120379047625
mAb4,21,0.00871,4675.84,26.3136,0.005522411699487883,382.74468843506475,7004.1120379047625
mAb4,21,0.008848,4705.99,26.1876,0.010870598173274907,753.4142576365186,7004.1120379047625
mAb4,21,0.008986,4735.96,26.0648,0.01589145240483607,1101.3972391869456,7004.1120379047625
mAb4,21,0.009125,4765.96,25.9443,0.019191172588564488,1330.0926792174573,7004.1120379047625
mAb4,21,0.009263,4795.56,25.8277,0.030067050314133363,2083.872849558025,7004.1120379047625
mAb4,21,0.009401,4824.98,25.714,0.04028298400295655,2791.91393189249,7004.1120379047625
mAb4,21,0.009539,4854.23,25.6033,0.07879731798743467,5461.247107928625,7004.1120379047625
mAb4,21,0.009677,4883.3,25.4953,0.1557045562536297,10791.497467807774,7004.1120379047625
mAb4,21,0.009816,4912.41,25.3893,0.29846365028245603,20685.77698528784,7004.1120379047625
mAb4,21,0.009954,4941.15,25.2867,0.4943244812839871,34260.40648009093,7004.1120379047625
mAb4,21,0.010092,4969.72,25.1866,0.6823610157858614,47292.75334749368,7004.1120379047625
mAb4,21,0.010231,4998.34,25.0883,0.8961036904070535,62106.72917091012,7004.1120379047625
mAb4,21,0.010369,5026.6,24.9932,1.0,69307.52527388683,7004.1120379047625
mAb4,21,0.010507,5054.69,24.9004,0.9860778206008131,68342.61347331009,7004.1120379047625
mAb4,21,0.010645,5082.64,24.81,0.8588511694208331,59524.849131141644,7004.1120379047625
mAb4,21,0.010783,5110.43,24.7217,0.647848582440209,44900.78200112654,7004.1120379047625
mAb4,21,0.010922,5138.28,24.635,0.47197085687133733,32711.132091148236,7004.1120379047625
mAb4,21,0.01106,5165.78,24.5511,0.32717385565704027,22675.61026990532,7004.1120379047625
mAb4,21,0.011198,5193.14,24.4692,0.21478802597539728,14886.426538818108,7004.1120379047625
mAb4,21,0.011337,5220.55,24.3887,0.13076923076923078,9063.291766585202,7004.1120379047625
mAb4,21,0.011475,5247.62,24.3108,0.07162768597222956,4964.337655830329,7004.1120379047625
mAb4,21,0.011613,5274.56,24.2348,0.04431656195554617,3071.4712377857877,7004.1120379047625
mAb4,21,0.011751,5301.36,24.1607,0.023193073227390316,1607.4545088864622,7004.1120379047625
mAb4,21,0.011889,5328.03,24.0883,0.017316931524206748,1200.1936692801269,7004.1120379047625
mAb4,21,0.012028,5354.76,24.0173,0.012607570877989546,873.79953726858,7004.1120379047625
mAb4,21,0.012166,5381.16,23.9485,0.007343857240905971,508.9845713319074,7004.1120379047625
mAb4,21,0.012304,5407.44,23.8813,0.0068634179821551134,475.68651526346486,7004.1120379047625
mAb4,21,0.012443,5433.78,23.8154,0.005738873343540468,397.7471093010664,7004.1120379047625
mAb4,21,0.012581,5459.81,23.7515,0.004931101842563751,341.7624655815971,7004.1120379047625
mAb4,21,0.012719,5485.71,23.6892,0.004878306319624096,338.1033385411089,7004.1120379047625
mAb4,21,0.012857,5511.5,23.6284,0.0027770445066258383,192.47008232967886,7004.1120379047625
mAb4,21,0.012995,5537.16,23.5691,0.003848793622300829,266.75036125158914,7004.1120379047625
mAb4,21,0.013134,5562.9,23.5109,0.002127659574468085,147.4628197316741,7004.1120379047625
mAb4,21,0.013272,5588.33,23.4545,0.0022121324111715325,153.3174229964552,7004.1120379047625
mAb4,21,0.01341,5613.64,23.3995,0.0019111979304155008,132.46039886567252,7004.1120379047625
mAb4,21,0.013549,5639.03,23.3454,0.0022438097249353256,155.51289922074812,7004.1120379047625
mAb4,21,0.013687,5664.12,23.2931,0.0022121324111715325,153.3174229964552,7004.1120379047625
mAb4,21,0.013825,5689.1,23.2421,0.0016947362863629165,117.45797799967094,7004.1120379047625
mAb4,21,0.013963,5713.97,23.1924,0.002718969431392218,188.44504258514183,7004.1120379047625
mAb4,21,0.014101,5738.74,23.1439,0.002671453460746529,185.1518282487025,7004.1120379047625
mAb4,21,0.01424,5763.57,23.0963,0.002191014201995671,151.85377218025994,7004.1120379047625
mAb4,21,0.014378,5788.12,23.0502,0.001689456734068951,117.09206529562212,7004.1120379047625
mAb4,21,0.014516,5812.57,23.0053,0.001478274642310332,102.45555713366934,7004.1120379047625
mAb4,21,0.014655,5837.09,22.9613,0.0018584024074758461,128.80127182518433,7004.1120379047625
mAb4,21,0.014793,5861.34,22.9186,0.0014624359854284357,101.3578190215229,7004.1120379047625
mAb4,21,0.014931,5885.48,22.877,0.0009133625468560266,63.30289780044571,7004.1120379047625
mAb4,21,0.015069,5909.53,22.8366,0.0011034264294387836,76.4757551462032,7004.1120379047625
mAb4,21,0.015208,5933.65,22.7968,0.0015046724037801593,104.28512065391344,7004.1120379047625
mAb4,21,0.015346,5957.5,22.7584,0.0013515653872551608,93.67365223649769,7004.1120379047625
mAb4,21,0.015484,5981.25,22.721,0.0017264136001267092,119.65345422396385,7004.1120379047625
mAb4,21,0.015622,6004.91,22.6845,0.0011456628477905073,79.40305677859374,7004.1120379047625
mAb4,21,0.01576,6028.48,22.6491,0.0014729950900163667,102.08964442962053,7004.1120379047625
mAb4,21,0.015899,6052.12,22.6143,0.0007021804550974077,48.666389638492944,7004.1120379047625
mAb4,21,0.016037,6075.51,22.5807,0.0019164774827094661,132.82631156972133,7004.1120379047625
mAb4,21,0.016175,6098.8,22.548,0.0010453513542051634,72.45071540166619,7004.1120379047625
mAb4,21,0.016313,6122.0,22.5161,0.00022174119634654982,15.368333570050403,7004.1120379047625
mAb4,21,0.016452,6145.28,22.4849,0.0011720606092603346,81.23262029883784,7004.1120379047625
mAb4,21,0.01659,6168.29,22.4268,0.00044348239269309964,30.736667140100806,7004.1120379047625
mAb4,21,0.016728,6191.11,22.2992,0.0011878992661422312,82.3303584109843,7004.1120379047625
mAb4,21,0.016867,6214.09,22.4173,0.0017528113615965365,121.48301774420794,7004.1120379047625
mAb4,21,0.017005,6237.01,22.5122,0.0011509424000844728,79.76896948264256,7004.1120379047625
mAb4,21,0.017143,6259.8,22.4153,0.001847843302887915,128.06944641708668,7004.1120379047625
mAb4,21,0.017281,6282.44,22.3873,0.0008236101578586136,57.082381831615784,7004.1120379047625
mAb4,21,0.01742,6305.07,22.1902,0.0011826197138482656,81.96444570693548,7004.1120379047625
mAb4,21,0.017558,6327.51,22.26,0.0011931788184361967,82.69627111503313,7004.1120379047625
mAb4,21,0.017696,6349.93,22.3244,0.001319888073491368,91.47817601220478,7004.1120379047625
mAb4,21,0.017834,6372.3,22.3204,0.0010453513542051634,72.45071540166619,7004.1120379047625
mAb4,21,0.017972,6394.59,22.3004,0.0007655350826249933,53.057342087078766,7004.1120379047625
mAb4,21,0.018111,6416.98,22.29,0.0010453513542051634,72.45071540166619,7004.1120379047625
mAb4,21,0.018249,6439.15,22.2922,0.0011351037432025765,78.67123137049612,7004.1120379047625
mAb4,21,0.018387,6461.27,22.2974,0.0011878992661422312,82.3303584109843,7004.1120379047625
mAb4,21,0.018525,6483.16,22.0646,0.0013621244918430918,94.40547764459534,7004.1120379047625
mAb4,21,0.018664,6504.84,21.7943,0.0007655350826249933,53.057342087078766,7004.1120379047625
mAb4,21,0.018802,6526.41,21.9608,0.0005860303046301673,40.61631014941892,7004.1120379047625
mAb4,21,0.01894,6548.17,22.1513,0.0002745367192862045,19.027460610538593,7004.1120379047625
mAb4,21,0.019079,6570.08,22.2389,0.0015310701652499867,106.11468417415753,7004.1120379047625
mAb4,21,0.019217,6591.75,22.1874,0.0014043609101948155,97.33277927698589,7004.1120379047625
mAb4,21,0.019355,6613.3,22.1223,0.00038012776516551397,26.345714691514978,7004.1120379047625
mAb4,21,0.019493,6634.76,22.0869,0.0008869647853861993,61.47333428020161,7004.1120379047625
mAb4,21,0.019632,6656.31,22.072,0.0006071485138060293,42.0799609656142,7004.1120379047625
mAb4,21,0.01977,6677.63,22.0608,0.0007021804550974077,48.666389638492944,7004.1120379047625
mAb4,21,0.019908,6698.85,22.02,0.0008236101578586136,57.082381831615784,7004.1120379047625
mAb4,21,0.020046,6719.98,21.9907,0.0006863417982155113,47.568651526346486,7004.1120379047625
mAb4,21,0.020184,6741.06,22.0028,0.0010453513542051634,72.45071540166619,7004.1120379047625
mAb4,21,0.020323,6762.25,22.0038,0.0009872762789715432,68.42567565712918,7004.1120379047625
mAb4,21,0.020461,6783.22,21.9987,0.0017739295707723986,122.94666856040323,7004.1120379047625
mAb4,21,0.020599,6804.13,21.9912,0.0,0.0,7004.1120379047625
mAb4,21,0.020737,6824.98,21.9843,0.0003906868697534449,27.077540099612612,7004.1120379047625
mAb4,21,0.020876,6845.92,21.9778,0.0006810622459215459,47.20273882229767,7004.1120379047625
mAb4,21,0.021014,6866.65,21.9719,0.0010242331450293015,70.98706458547092,7004.1120379047625
mAb4,21,0.021152,6887.31,21.9665,0.0008130510532706826,56.35055642351814,7004.1120379047625
mAb4,21,0.021291,6908.06,21.9617,0.0008869647853861993,61.47333428020161,7004.1120379047625
mAb4,21,0.021429,6928.61,21.9573,0.0006388258275698221,44.275437189907116,7004.1120379047625
mAb4,21,0.021567,6949.09,21.9535,0.000570191647748271,39.51857203727247,7004.1120379047625
mAb4,21,0.021705,6969.52,21.9501,0.00025341851011034263,17.563809794343317,7004.1120379047625
mAb4,21,0.021844,6990.03,21.9472,0.0009555989652077504,66.23019943283626,7004.1120379047625
mAb4,21,0.021982,7010.34,21.9448,0.0003748482128715485,25.97980198746616,7004.1120379047625
mAb4,21,0.02212,7030.59,21.9429,0.0006441053798637875,44.64134989395593,7004.1120379047625
mAb4,21,0.022258,7050.78,21.9414,0.0008447283670344755,58.54603264781106,7004.1120379047625
mAb4,21,0.022396,7070.92,21.9403,0.0007285782165672351,50.49595315873704,7004.1120379047625
mAb4,21,0.022535,7091.14,21.9397,0.000659944036745684,45.73908800610239,7004.1120379047625
mAb4,21,0.022673,7111.17,21.9395,0.0009608785175017158,66.59611213688508,7004.1120379047625
mAb4,21,0.022811,7131.14,21.9398,0.00030093448075603187,20.857024130782687,7004.1120379047625
mAb4,21,0.022949,7151.06,21.9404,0.0004857188110448234,33.66396877249136,7004.1120379047625
mAb4,21,0.023088,7171.06,21.9415,0.00019534343487672245,13.538770049806306,7004.1120379047625
mAb4,21,0.023226,7190.87,21.9429,0.0005965894092180983,41.348135557516564,7004.1120379047625
mAb4,21,0.023364,7210.63,21.9448,0.0010823082202629218,75.01210433000793,7004.1120379047625
mAb4,21,0.023503,7230.47,21.947,0.0006441053798637875,44.64134989395593,7004.1120379047625
mAb4,21,0.023641,7250.12,21.9497,0.0008869647853861993,61.47333428020161,7004.1120379047625
mAb4,21,0.023779,7269.72,21.9526,0.001140383295496542,79.03714407454494,7004.1120379047625
mAb4,21,0.023917,7289.26,21.956,0.0007021804550974077,48.666389638492944,7004.1120379047625
mAb4,21,0.024056,7308.9,21.9597,0.00038012776516551397,26.345714691514978,7004.1120379047625
mAb4,21,0.024194,7328.35,21.9638,0.000549073438572409,38.05492122107719,7004.1120379047625
mAb4,21,0.024332,7347.74,21.9682,0.00031149358534396284,21.58884953888033,7004.1120379047625
mAb4,21,0.02447,7367.09,21.973,0.0003484504514017211,24.15023846722206,7004.1120379047625
mAb4,21,0.024608,7386.38,21.9781,0.00038012776516551397,26.345714691514978,7004.1120379047625
mAb4,21,0.024747,7405.77,21.9835,0.00031149358534396284,21.58884953888033,7004.1120379047625
mAb4,21,0.024885,7424.81,21.7578,0.0014043609101948155,97.33277927698589,7004.1120379047625
mAb4,21,0.025023,7443.58,21.4672,0.0002850958238741355,19.759286018636235,7004.1120379047625
mAb4,21,0.025162,7462.41,21.4321,0.0003484504514017211,24.15023846722206,7004.1120379047625
mAb4,21,0.0253,7481.12,21.646,0.000570191647748271,39.51857203727247,7004.1120379047625
mAb4,21,0.025438,7500.02,21.7864,0.0007338577688612006,50.86186586278586,7004.1120379047625
mAb4,21,0.025576,7518.9,21.9382,0.0006388258275698221,44.275437189907116,7004.1120379047625
mAb4,21,0.025715,7537.93,21.9804,0.00030093448075603187,20.857024130782687,7004.1120379047625
mAb4,21,0.025853,7556.78,22.0338,0.00023230030093448077,16.10015897814804,7004.1120379047625
mAb4,21,0.025991,7575.6,22.042,0.0011245446386146454,77.93940596239847,7004.1120379047625
mAb4,21,0.026129,7594.37,22.0504,0.00040124597434137586,27.809365507710254,7004.1120379047625
mAb4,21,0.026267,7613.09,22.0591,0.0007602555303310279,52.691429383029956,7004.1120379047625
mAb4,21,0.026406,7631.91,22.0681,0.0008922443376801647,61.83924698425043,7004.1120379047625
mAb4,21,0.026544,7650.55,22.0774,0.00012142970276120586,8.41599219312284,7004.1120379047625
mAb4,21,0.026682,7669.14,22.0868,0.0002428594055224117,16.83198438624568,7004.1120379047625
mAb4,21,0.02682,7687.69,22.0966,0.000570191647748271,39.51857203727247,7004.1120379047625
mAb4,21,0.026959,7706.33,22.1067,0.00030093448075603187,20.857024130782687,7004.1120379047625
mAb4,21,0.027097,7724.8,22.1169,0.00016366612111292964,11.343293825513394,7004.1120379047625
mAb4,21,0.027235,7743.22,22.1274,0.0014571564331344702,100.99190631747408,7004.1120379047625
mAb4,21,0.027374,7761.73,22.1382,0.000369568660577583,25.613889283417336,7004.1120379047625
mAb4,21,0.027512,7780.06,22.1482,0.0006757826936275804,46.836826118248844,7004.1120379047625
mAb4,22,0.000138,2320.37,50.9714,0.0002243465431619934,56.456369224141106,6685.789094181819
mAb4,22,0.000276,2384.16,49.6993,0.00016477429723762228,41.46512993863471,6685.789094181819
mAb4,22,0.000415,2446.86,48.4608,0.0002332190053209423,58.68910699006759,6685.789094181819
mAb4,22,0.000553,2507.65,47.3151,0.00039038833499375125,98.24046170076532,6685.789094181819
mAb4,22,0.000691,2567.1,46.2475,0.0002534989188271112,63.79250759789956,6685.789094181819
mAb4,22,0.00083,2625.69,45.2434,0.00014829686751386006,37.31861694477124,6685.789094181819
mAb4,22,0.000968,2682.67,44.3103,9.50620945601667e-05,23.922190349212332,6685.789094181819
mAb4,22,0.001106,2738.53,43.4323,0.0003434910350107357,86.4388477951539,6685.789094181819
mAb4,22,0.001244,2793.33,42.604,0.0002332190053209423,58.68910699006759,6685.789094181819
mAb4,22,0.001383,2847.51,41.8157,0.00013055194319596227,32.85314141291827,6685.789094181819
mAb4,22,0.001521,2900.35,41.0717,0.00039038833499375125,98.24046170076532,6685.789094181819
mAb4,22,0.001659,2952.25,40.3374,0.00021800907019131564,54.861556534193625,6685.789094181819
mAb4,22,0.001797,3003.27,39.724,0.00013055194319596227,32.85314141291827,6685.789094181819
mAb4,22,0.001936,3054.01,39.1451,0.0004296806674119535,108.12830037843976,6685.789094181819
mAb4,22,0.002074,3103.52,38.463,0.0003346185728517868,84.20611002922742,6685.789094181819
mAb4,22,0.002212,3152.23,37.8733,0.00018632170533792674,46.88749308445618,6685.789094181819
mAb4,22,0.00235,3200.29,37.3628,9.759708374843781e-05,24.56011542519133,6685.789094181819
mAb4,22,0.002489,3248.04,36.8814,9.252710537189559e-05,23.28426527323334,6685.789094181819
mAb4,22,0.002627,3294.76,36.3195,4.9432289171286685e-05,12.439538981590415,6685.789094181819
mAb4,22,0.002765,3340.65,35.7153,0.00020533412424996006,51.67193115429864,6685.789094181819
mAb4,22,0.002903,3386.1,35.3784,0.0001064695459073867,26.792853191117814,6685.789094181819
mAb4,22,0.003042,3431.34,34.9867,0.00028645377827463565,72.0855335856265,6685.789094181819
mAb4,22,0.00318,3475.69,34.5449,5.703725673610002e-05,14.353314209527401,6685.789094181819
mAb4,22,0.003318,3519.49,34.1191,0.00022307904856785785,56.13740668615161,6685.789094181819
mAb4,22,0.003456,3562.77,33.7313,0.00019392667290274007,48.80126831239316,6685.789094181819
mAb4,22,0.003595,3605.85,33.356,0.00021674157559718008,54.542593996204126,6685.789094181819
mAb4,22,0.003733,3648.15,32.9976,0.00010773704050152226,27.111815729107313,6685.789094181819
mAb4,22,0.003871,3689.98,32.6526,0.00011914449184874226,29.98247857101279,6685.789094181819
mAb4,22,0.004009,3731.36,32.3204,0.00017364675939657116,43.6978677045612,6685.789094181819
mAb4,22,0.004148,3772.6,31.9979,0.0,0.0,6685.789094181819
mAb4,22,0.004286,3813.12,31.6892,0.00016350680264348673,41.14616740064522,6685.789094181819
mAb4,22,0.004424,3853.23,31.3913,0.00010393455671911559,26.15492811513882,6685.789094181819
mAb4,22,0.004562,3892.91,31.0425,0.00031053617556321125,78.14582180742697,6685.789094181819
mAb4,22,0.004701,3932.25,30.539,0.00011787699725460671,29.663516033023296,6685.789094181819
mAb4,22,0.004839,3970.95,30.2726,0.0002420914674798912,60.92184475599408,6685.789094181819
mAb4,22,0.004977,4009.39,30.1318,3.6757343229931124e-05,9.249913601695436,6685.789094181819
mAb4,22,0.005115,4047.58,29.9643,4.055982701233779e-05,10.20680121566393,6685.789094181819
mAb4,22,0.005253,4085.45,29.8055,0.0002192765647854512,55.180519072183124,6685.789094181819
mAb4,22,0.005392,4123.32,29.6018,7.351468645986225e-05,18.499827203390872,6685.789094181819
mAb4,22,0.00553,4160.57,29.3409,6.844470808332003e-05,17.223977051432882,6685.789094181819
mAb4,22,0.005668,4197.45,29.0772,0.00014829686751386006,37.31861694477124,6685.789094181819
mAb4,22,0.005806,4234.01,28.8244,0.0001470293729197245,36.999654406781744,6685.789094181819
mAb4,22,0.005945,4270.51,28.6056,0.00029279125124531344,73.680346275574,6685.789094181819
mAb4,22,0.006083,4306.45,28.4014,3.0419870259253344e-05,7.655100911747947,6685.789094181819
mAb4,22,0.006221,4342.1,28.2034,3.295485944752446e-05,8.293025987726942,6685.789094181819
mAb4,22,0.006359,4377.47,28.0113,0.0001495643621079956,37.63757948276074,6685.789094181819
mAb4,22,0.006498,4412.82,27.8237,0.00017998423236724895,45.292680394508686,6685.789094181819
mAb4,22,0.006636,4447.65,27.6429,9.50620945601667e-05,23.922190349212332,6685.789094181819
mAb4,22,0.006774,4482.21,27.4674,0.0002534989188271112,63.79250759789956,6685.789094181819
mAb4,22,0.006912,4516.47,27.2606,7.858466483640447e-05,19.77567735534886,6685.789094181819
mAb4,22,0.007051,4550.64,27.0327,0.0002560339080153823,64.43043267387856,6685.789094181819
mAb4,22,0.007189,4584.37,26.9095,0.00018378671614965563,46.24956800847718,6685.789094181819
mAb4,22,0.007327,4617.89,26.7813,0.0001584368242669445,39.87031724868722,6685.789094181819
mAb4,22,0.007465,4651.19,26.6273,0.0005437551808841535,136.83492879749454,6685.789094181819
mAb4,22,0.007604,4684.5,26.4765,0.0005830475133023558,146.72276747516898,6685.789094181819
mAb4,22,0.007742,4717.35,26.3308,0.0006324798024736425,159.1623064567594,6685.789094181819
mAb4,22,0.00788,4749.97,26.1892,0.0014310013967790427,360.108705390143,6685.789094181819
mAb4,22,0.008019,4782.61,26.0503,0.002585688972036534,650.6835774985755,6685.789094181819
mAb4,22,0.008157,4814.79,25.9162,0.005570638741225768,1401.8403544638427,6685.789094181819
mAb4,22,0.008295,4846.77,25.7857,0.011008190550067304,2770.1896424387883,6685.789094181819
mAb4,22,0.008433,4878.54,25.6587,0.019644898714506982,4943.600376299226,6685.789094181819
mAb4,22,0.008571,4910.12,25.5351,0.04457651738115337,11217.593498552647,6685.789094181819
mAb4,22,0.00871,4941.72,25.4138,0.11653852296319957,29326.691592906387,6685.789094181819
mAb4,22,0.008848,4972.89,25.2967,0.268438877608187,67552.11903318178,6685.789094181819
mAb4,22,0.008986,5003.88,25.1826,0.5024716144585644,126445.99997263863,6685.789094181819
mAb4,22,0.009125,5034.9,25.0707,0.7107577336182661,178860.7948779148,6685.789094181819
mAb4,22,0.009263,5065.52,24.9625,0.9029707538297349,227230.82583894616,6685.789094181819
mAb4,22,0.009401,5095.95,24.8571,1.0,251648.0460471182,6685.789094181819
mAb4,22,0.009539,5126.21,24.7545,0.967076827917329,243362.99412284102,6685.789094181819
mAb4,22,0.009677,5156.29,24.6545,0.8448992215048203,212617.23819841933,6685.789094181819
mAb4,22,0.009816,5186.42,24.5564,0.6820122237178659,171627.04347885097,6685.789094181819
mAb4,22,0.009954,5216.16,24.4615,0.5111032526446275,128618.13485634711,6685.789094181819
mAb4,22,0.010092,5245.73,24.3691,0.3518045320536708,88530.92308182702,6685.789094181819
mAb4,22,0.010231,5275.35,24.2784,0.22917316257646161,57670.97856880512,6685.789094181819
mAb4,22,0.010369,5304.6,24.1906,0.14489871450698263,36463.4783804214,6685.789094181819
mAb4,22,0.010507,5333.69,24.1051,0.08777526813848138,22088.47471831071,6685.789094181819
mAb4,22,0.010645,5362.62,24.0218,0.06047343458080151,15218.021650016928,6685.789094181819
mAb4,22,0.010783,5391.41,23.9406,0.03582066472486495,9014.200286121197,6685.789094181819
mAb4,22,0.010922,5420.24,23.8609,0.02506470559903062,6307.484188742319,6685.789094181819
mAb4,22,0.01106,5448.72,23.7838,0.020149361562972933,5070.547466419046,6685.789094181819
mAb4,22,0.011198,5477.06,23.7086,0.015462166553859649,3891.0240009338836,6685.789094181819
mAb4,22,0.011337,5505.45,23.6348,0.01189670426055633,2993.7823815694264,6685.789094181819
mAb4,22,0.011475,5533.49,23.5634,0.010650757074521077,2680.24220672575,6685.789094181819
mAb4,22,0.011613,5561.4,23.4938,0.010174179107126109,2560.312292441699,6685.789094181819
mAb4,22,0.011751,5589.17,23.426,0.009316085266896337,2344.3746542228087,6685.789094181819
mAb4,22,0.011889,5616.8,23.3599,0.0075010330080942204,1887.620299821848,6685.789094181819
mAb4,22,0.012028,5644.49,23.295,0.006710116381353634,1688.5876761164013,6685.789094181819
mAb4,22,0.012166,5671.85,23.2321,0.005192925352173373,1306.7895181429724,6685.789094181819
mAb4,22,0.012304,5699.08,23.1709,0.004928018981999042,1240.1263477031675,6685.789094181819
mAb4,22,0.012443,5726.38,23.1108,0.005601058611485022,1409.4954553755908,6685.789094181819
mAb4,22,0.012581,5753.36,23.0526,0.004620017795624102,1162.6184509717195,6685.789094181819
mAb4,22,0.012719,5780.2,22.9958,0.005724005587116171,1440.434821560572,6685.789094181819
mAb4,22,0.012857,5806.93,22.9405,0.00435511142544977,1095.9552805319142,6685.789094181819
mAb4,22,0.012995,5833.53,22.8866,0.004052180217451373,1019.7232339524245,6685.789094181819
mAb4,22,0.013134,5860.2,22.8337,0.0038126237391597523,959.4393142724093,6685.789094181819
mAb4,22,0.013272,5886.56,22.7824,0.0037847388580887703,952.4221384366405,6685.789094181819
mAb4,22,0.01341,5912.81,22.7325,0.004220756998471402,1062.1452515050278,6685.789094181819
mAb4,22,0.013549,5939.12,22.6834,0.003001427198912997,755.3032899591308,6685.789094181819
mAb4,22,0.013687,5965.13,22.6359,0.003318300847446886,835.0439244565052,6685.789094181819
mAb4,22,0.013825,5991.03,22.5897,0.0029557973935241165,743.8206385915088,6685.789094181819
mAb4,22,0.013963,6016.81,22.5445,0.003542647390608879,891.5002936806463,6685.789094181819
mAb4,22,0.014101,6042.48,22.5005,0.002731450850362123,687.3642693673677,6685.789094181819
mAb4,22,0.01424,6068.23,22.4573,0.0021369958857125476,537.7708390502934,6685.789094181819
mAb4,22,0.014378,6093.68,22.4155,0.002825245450328154,710.9674971785905,6685.789094181819
mAb4,22,0.014516,6119.03,22.3748,0.00248428940450569,625.1665744594158,6685.789094181819
mAb4,22,0.014655,6144.45,22.3347,0.002900027631382152,729.786286919971,6685.789094181819
mAb4,22,0.014793,6169.58,22.2803,0.0024627419964053853,619.7442113135942,6685.789094181819
mAb4,22,0.014931,6194.49,22.1284,0.002053341242499601,516.7193115429865,6685.789094181819
mAb4,22,0.015069,6219.43,22.2747,0.0019874315236045517,500.1332595675325,6685.789094181819
mAb4,22,0.015208,6244.57,22.2549,0.0013777666238253493,346.7122787945841,6685.789094181819
mAb4,22,0.015346,6269.38,22.2767,0.0024956968558529097,628.0372373013212,6685.789094181819
mAb4,22,0.015484,6294.06,22.113,0.0020837611127588543,524.3744124547344,6685.789094181819
mAb4,22,0.015622,6318.57,22.0676,0.0016845003156061539,423.9012129880426,6685.789094181819
mAb4,22,0.01576,6343.03,22.1227,0.0014880386535151427,374.4620195996704,6685.789094181819
mAb4,22,0.015899,6367.64,22.1319,0.0013524167319426382,340.3330280347941,6685.789094181819
mAb4,22,0.016037,6392.0,22.104,0.0015716932967280895,395.5135471069773,6685.789094181819
mAb4,22,0.016175,6416.27,22.0923,0.0017567475074718806,442.08207765344395,6685.789094181819
mAb4,22,0.016313,6440.48,22.0909,0.0016921052831709673,425.81498821597955,6685.789094181819
mAb4,22,0.016452,6464.75,22.0042,0.0014398738589379916,362.3414431560695,6685.789094181819
mAb4,22,0.01659,6488.5,21.6847,0.0010038557185553603,252.61833008768224,6685.789094181819
mAb4,22,0.016728,6512.02,21.636,0.0011610250482281693,292.16968479838,6685.789094181819
mAb4,22,0.016867,6535.87,21.8959,0.0013296018292481982,334.59170235098316,6685.789094181819
mAb4,22,0.017005,6559.66,22.0355,0.001470293729197245,369.99654406781747,6685.789094181819
mAb4,22,0.017143,6583.36,21.9724,0.0015285984805274806,384.66882081533436,6685.789094181819
mAb4,22,0.017281,6606.93,21.8921,0.0009252710537189559,232.8426527323334,6685.789094181819
mAb4,22,0.01742,6630.55,21.8481,0.0009328760212837693,234.75642796027037,6685.789094181819
mAb4,22,0.017558,6653.92,21.8289,0.0011432801239102716,287.704209266527,6685.789094181819
mAb4,22,0.017696,6677.2,21.813,0.0011813049617343382,297.2730854062119,6685.789094181819
mAb4,22,0.017834,6700.36,21.7543,0.001273832067106234,320.55735067944534,6685.789094181819
mAb4,22,0.017972,6723.42,21.7393,0.0008327439483470603,209.55838745910006,6685.789094181819
mAb4,22,0.018111,6746.6,21.7478,0.0009303410320954981,234.1185028842914,6685.789094181819
mAb4,22,0.018249,6769.55,21.74,0.0010317405996263427,259.6355059234512,6685.789094181819
mAb4,22,0.018387,6792.43,21.7277,0.0011508850914750848,289.617984494464,6685.789094181819
mAb4,22,0.018525,6815.23,21.7161,0.0009658308807312937,243.0494539479973,6685.789094181819
mAb4,22,0.018664,6838.12,21.7051,0.0010177981590908515,256.1269180055667,6685.789094181819
mAb4,22,0.018802,6860.77,21.6949,0.0011546875752574915,290.5748721084325,6685.789094181819
mAb4,22,0.01894,6883.35,21.6853,0.0005779775349258135,145.44691732321098,6685.789094181819
mAb4,22,0.019079,6906.02,21.6764,0.000519672783595578,130.7746405756941,6685.789094181819
mAb4,22,0.019217,6928.45,21.6681,0.0011382101455337293,286.42835911456905,6685.789094181819
mAb4,22,0.019355,6950.82,21.6605,0.0005703725673610002,143.533142095274,6685.789094181819
mAb4,22,0.019493,6973.11,21.6535,0.0008188015078115691,206.04979954121555,6685.789094181819
mAb4,22,0.019632,6995.49,21.647,0.0006413522646325913,161.39504422268587,6685.789094181819
mAb4,22,0.01977,7017.65,21.6412,0.0006172698673440158,155.33475600088542,6685.789094181819
mAb4,22,0.019908,7039.74,21.636,0.0005779775349258135,145.44691732321098,6685.789094181819
mAb4,22,0.020046,7061.75,21.6314,0.0006172698673440158,155.33475600088542,6685.789094181819
mAb4,22,0.020184,7083.71,21.6273,0.0008352789375353314,210.19631253507904,6685.789094181819
mAb4,22,0.020323,7105.75,21.6237,0.000884711226706618,222.63585151666945,6685.789094181819
mAb4,22,0.020461,7127.57,21.6207,0.0008416164105060092,211.79112522502652,6685.789094181819
mAb4,22,0.020599,7149.33,21.6183,0.0006844470808332003,172.23977051432882,6685.789094181819
mAb4,22,0.020737,7171.02,21.6163,0.00047911295658324015,120.56783936003016,6685.789094181819
mAb4,22,0.020876,7192.8,21.6149,0.0008466863888825514,213.06697537698452,6685.789094181819
mAb4,22,0.021014,7214.36,21.614,0.0004702404944242913,118.33510159410369,6685.789094181819
mAb4,22,0.021152,7235.86,21.6135,0.0005855825024906269,147.360692551148,6685.789094181819
mAb4,22,0.021291,7257.46,21.6136,0.0006286773186912357,158.2054188427909,6685.789094181819
mAb4,22,0.021429,7278.83,21.6141,0.0008226039915939759,207.00668715518407,6685.789094181819
mAb4,22,0.021567,7300.15,21.6151,0.0009531559347899381,239.85982856810233,6685.789094181819
mAb4,22,0.021705,7321.4,21.6165,0.00045376306470052905,114.18858860024021,6685.789094181819
mAb4,22,0.021844,7342.75,21.6184,0.0008327439483470603,209.55838745910006,6685.789094181819
mAb4,22,0.021982,7363.88,21.6207,0.0008302089591587892,208.92046238312105,6685.789094181819
mAb4,22,0.02212,7384.96,21.6235,0.00026110388639192454,65.70628282583654,6685.789094181819
mAb4,22,0.022258,7405.95,21.5705,0.0006185373619381514,155.65371853887493,6685.789094181819
mAb4,22,0.022396,7426.71,21.3172,0.0005931874700554402,149.27446777908497,6685.789094181819
mAb4,22,0.022535,7447.26,21.0443,0.0005779775349258135,145.44691732321098,6685.789094181819
mAb4,22,0.022673,7467.71,21.161,0.0004486930863239868,112.91273844828221,6685.789094181819
mAb4,22,0.022811,7488.28,21.354,0.0004917879025245957,123.75746473992513,6685.789094181819
mAb4,22,0.022949,7508.9,21.5297,0.000362503453922769,91.22328586499637,6685.789094181819
mAb4,22,0.023088,7529.69,21.605,0.0005589651160137802,140.66247925336853,6685.789094181819
mAb4,22,0.023226,7550.29,21.6559,0.0003688409268934468,92.81809855494386,6685.789094181819
mAb4,22,0.023364,7570.86,21.6622,0.00043475064578849573,109.40415053039774,6685.789094181819
mAb4,22,0.023503,7591.51,21.6689,0.000316873648533889,79.74063449737444,6685.789094181819
mAb4,22,0.023641,7611.97,21.6759,0.0006717721348918447,169.05014513443385,6685.789094181819
mAb4,22,0.023779,7632.37,21.6833,0.0008188015078115691,206.04979954121555,6685.789094181819
mAb4,22,0.023917,7652.72,21.691,0.0008986536672421092,226.14443943455393,6685.789094181819
mAb4,22,0.024056,7673.16,21.6991,0.00043728563497676684,110.04207560637674,6685.789094181819
mAb4,22,0.024194,7693.4,21.7075,0.00031560615393975343,79.42167195938495,6685.789094181819
mAb4,22,0.024332,7713.6,21.7162,0.0006667021565153025,167.77429498247585,6685.789094181819
mAb4,22,0.02447,7733.74,21.7252,0.0002851862836805001,71.766571047637,6685.789094181819
mAb4,22,0.024608,7753.83,21.7345,0.00045122807551225793,113.55066352426121,6685.789094181819
mAb4,22,0.024747,7774.01,21.7435,0.00031053617556321125,78.14582180742697,6685.789094181819
mAb4,22,0.024885,7794.0,21.7463,0.0004296806674119535,108.12830037843976,6685.789094181819
mAb4,22,0.025023,7813.92,21.7396,0.0006882495646156069,173.19665812829732,6685.789094181819
mAb4,22,0.025162,7833.92,21.7299,0.000508265332248358,127.90397773378862,6685.789094181819
mAb4,22,0.0253,7853.72,21.7268,0.00022814902694440008,57.413256838109604,6685.789094181819
mAb4,22,0.025438,7873.46,21.7285,0.0005120678160307646,128.8608653477571,6685.789094181819
mAb4,22,0.025576,7893.15,21.7347,0.00025730140260951786,64.74939521186805,6685.789094181819
mAb4,22,0.025715,7912.94,21.7439,0.0002496964350447045,62.83561998393106,6685.789094181819
mAb4,22,0.025853,7932.53,21.7543,0.0004043307755292424,101.7490496186498,6685.789094181819
mAb4,22,0.025991,7952.08,21.765,0.0006083974051850669,153.10201823495896,6685.789094181819
mAb4,22,0.026129,7971.57,21.7759,0.00030166371340426234,75.91308404150048,6685.789094181819
mAb4,22,0.026267,7991.02,21.7871,0.00031180367015734675,78.46478434541645,6685.789094181819
mAb4,22,0.026406,8010.57,21.798,0.0002813837998980934,70.80968343366851,6685.789094181819
mAb4,22,0.026544,8029.92,21.805,0.00036123595932863347,90.90432332700688,6685.789094181819
mAb4,22,0.026682,8049.22,21.8114,0.0003092686809690757,77.82685926943746,6685.789094181819
mAb4,22,0.02682,8068.48,21.8233,0.00036503844311104014,91.86121094097537,6685.789094181819
mAb4,22,0.026959,8087.83,21.841,0.0003257461106928379,81.97337226330093,6685.789094181819
mAb4,22,0.027097,8107.0,21.8568,0.0003865858512113446,97.28357408679682,6685.789094181819
mAb4,22,0.027235,8126.13,21.8721,0.0003941908187761579,99.19734931473381,6685.789094181819
mAb4,22,0.027374,8145.35,21.8862,0.0002192765647854512,55.180519072183124,6685.789094181819
mAb4,22,0.027512,8164.39,21.8998,0.0002649063701743312,66.66317043980504,6685.789094181819
mAb4,23,0.000138,2521.83,48.2939,6.73764106935989e-05,26.79814350663026,6395.146406434783
mAb4,23,0.000276,2585.9,47.1343,8.593929935408023e-05,34.181305493150845,6395.146406434783
mAb4,23,0.000415,2648.97,46.0448,0.00012237756228021025,48.674179022246804,6395.146406434783
mAb4,23,0.000553,2710.23,45.0308,0.00010725224559389212,42.658269255452254,6395.146406434783
mAb4,23,0.000691,2770.22,44.0782,5.637618037627663e-05,22.422936403506956,6395.146406434783
mAb4,23,0.00083,2829.43,43.1752,9.212692890757401e-05,36.64235948865771,6395.146406434783
mAb4,23,0.000968,2887.08,42.3272,6.050126674527248e-05,24.063639067178194,6395.146406434783
mAb4,23,0.001106,2943.62,41.498,5.7751209165941915e-05,22.96983729139737,6395.146406434783
mAb4,23,0.001244,2999.14,40.7935,1.100023031732227e-05,4.375207103123309,6395.146406434783
mAb4,23,0.001383,3054.22,40.1164,9.625201527656986e-05,38.283062152328945,6395.146406434783
mAb4,23,0.001521,3107.93,39.3598,6.118878114010513e-05,24.337089511123402,6395.146406434783
mAb4,23,0.001659,3160.75,38.742,8.593929935408023e-05,34.181305493150845,6395.146406434783
mAb4,23,0.001797,3212.78,38.1838,9.075190011790872e-05,36.09545860076729,6395.146406434783
mAb4,23,0.001936,3264.44,37.5978,6.462635311426834e-05,25.70434173084944,6395.146406434783
mAb4,23,0.002074,3314.76,36.8615,4.125086368995851e-05,16.407026636712406,6395.146406434783
mAb4,23,0.002212,3364.42,36.4039,8.456427056441495e-05,33.634404605260436,6395.146406434783
mAb4,23,0.00235,3413.46,35.9905,5.225109400728078e-05,20.782233739835714,6395.146406434783
mAb4,23,0.002489,3462.2,35.4843,7.425155464192531e-05,29.532647946082328,6395.146406434783
mAb4,23,0.002627,3509.94,34.9969,7.012646827292946e-05,27.89194528241109,6395.146406434783
mAb4,23,0.002765,3557.05,34.5533,3.78132917157953e-05,15.03977441698637,6395.146406434783
mAb4,23,0.002903,3603.58,34.128,1.925040305531397e-05,7.656612430465789,6395.146406434783
mAb4,23,0.003042,3649.87,33.7171,8.593929935408023e-05,34.181305493150845,6395.146406434783
mAb4,23,0.00318,3695.28,33.3254,5.981375235043984e-05,23.79018862323299,6395.146406434783
mAb4,23,0.003318,3740.16,32.949,6.73764106935989e-05,26.79814350663026,6395.146406434783
mAb4,23,0.003456,3784.54,32.587,6.875143948326419e-05,27.345044394520677,6395.146406434783
mAb4,23,0.003595,3828.74,32.2361,3.987583490029322e-05,15.860125748821991,6395.146406434783
mAb4,23,0.003733,3872.12,31.8595,8.318924177474965e-05,33.08750371737001,6395.146406434783
mAb4,23,0.003871,3914.79,31.3003,5.706369477110927e-05,22.69638684745216,6395.146406434783
mAb4,23,0.004009,3957.02,30.9846,9.350195769723929e-05,37.18926037654812,6395.146406434783
mAb4,23,0.004148,3999.24,30.8027,5.568866598144399e-05,22.149485959561748,6395.146406434783
mAb4,23,0.004286,4040.83,30.5942,6.875143948326419e-05,27.345044394520677,6395.146406434783
mAb4,23,0.004424,4082.04,30.3965,8.318924177474965e-05,33.08750371737001,6395.146406434783
mAb4,23,0.004562,4122.93,30.1504,4.193837808479115e-05,16.68047708065761,6395.146406434783
mAb4,23,0.004701,4163.68,29.8424,2.8875604582970957e-05,11.484918645698684,6395.146406434783
mAb4,23,0.004839,4203.72,29.5414,8.937687132824344e-05,35.54855771287688,6395.146406434783
mAb4,23,0.004977,4243.37,29.2709,8.937687132824344e-05,35.54855771287688,6395.146406434783
mAb4,23,0.005115,4282.67,29.0299,9.968958725073307e-05,39.65031437205498,6395.146406434783
mAb4,23,0.005253,4321.61,28.7967,2.9563118977803597e-05,11.75836908964389,6395.146406434783
mAb4,23,0.005392,4360.5,28.5692,5.568866598144399e-05,22.149485959561748,6395.146406434783
mAb4,23,0.00553,4398.78,28.3505,0.0001808162858409848,71.91746675758938,6395.146406434783
mAb4,23,0.005668,4436.74,28.1385,9.625201527656986e-06,3.8283062152328946,6395.146406434783
mAb4,23,0.005806,4474.39,27.9331,3.368820534679945e-05,13.39907175331513,6395.146406434783
mAb4,23,0.005945,4512.01,27.7325,1.3750287896652836e-05,5.469008878904135,6395.146406434783
mAb4,23,0.006083,4548.94,27.4461,7.012646827292946e-05,27.89194528241109,6395.146406434783
mAb4,23,0.006221,4585.56,27.2846,1.856288866048133e-05,7.383161986520582,6395.146406434783
mAb4,23,0.006359,4621.98,27.1412,8.250172737991702e-06,3.281405327342481,6395.146406434783
mAb4,23,0.006498,4658.41,26.9615,2.612554700364039e-05,10.391116869917857,6395.146406434783
mAb4,23,0.006636,4694.3,26.7882,3.025063337263624e-05,12.031819533589097,6395.146406434783
mAb4,23,0.006774,4729.92,26.6199,0.00019250403055313972,76.56612430465789,6395.146406434783
mAb4,23,0.006912,4765.29,26.4564,7.90641554057538e-05,31.446801053698774,6395.146406434783
mAb4,23,0.007051,4800.65,26.2964,0.00015400322444251177,61.252899443726314,6395.146406434783
mAb4,23,0.007189,4835.51,26.142,0.0003025063337263624,120.31819533589096,6395.146406434783
mAb4,23,0.007327,4870.12,25.992,0.0007074523122827884,281.3805068196177,6395.146406434783
mAb4,23,0.007465,4904.5,25.8462,0.002686806255005964,1068.644334937868,6395.146406434783
mAb4,23,0.007604,4938.89,25.7033,0.0057297449665352366,2278.935999839353,6395.146406434783
mAb4,23,0.007742,4972.8,25.5655,0.011478740336125788,4565.528612109172,6395.146406434783
mAb4,23,0.00788,5006.48,25.4314,0.03699858715791862,14715.735640911304,6395.146406434783
mAb4,23,0.008019,5040.19,25.3001,0.14188097063282262,56431.421216084425,6395.146406434783
mAb4,23,0.008157,5073.43,25.1732,0.3719576628635662,147941.61228234787,6395.146406434783
mAb4,23,0.008295,5106.47,25.0498,0.651058944046641,258950.73415501218,6395.146406434783
mAb4,23,0.008433,5139.29,24.9298,0.8914002261922359,354543.54034937755,6395.146406434783
mAb4,23,0.008571,5171.91,24.813,1.0,397737.7724749624,6395.146406434783
mAb4,23,0.00871,5204.57,24.6985,0.9796289484811088,389635.4358208659,6395.146406434783
mAb4,23,0.008848,5236.79,24.5878,0.8212648202321736,326648.0402111952,6395.146406434783
mAb4,23,0.008986,5268.82,24.4802,0.6226707871696063,247659.69187407062,6395.146406434783
mAb4,23,0.009125,5300.88,24.3746,0.4341515900489166,172678.48634251914,6395.146406434783
mAb4,23,0.009263,5332.53,24.2726,0.2832318676672293,112652.01213988711,6395.146406434783
mAb4,23,0.009401,5364.0,24.1733,0.18083828630161944,71926.21717179562,6395.146406434783
mAb4,23,0.009539,5395.28,24.0766,0.11562754595174336,45989.44256359276,6395.146406434783
mAb4,23,0.009677,5426.39,23.9824,0.07905384268983132,31442.6992970396,6395.146406434783
mAb4,23,0.009816,5457.54,23.89,0.05327892802755558,21191.0421535338,6395.146406434783
mAb4,23,0.009954,5488.3,23.8007,0.040609412759579654,16151.897372511527,6395.146406434783
mAb4,23,0.010092,5518.88,23.7138,0.030869396327985618,12277.924933139784,6395.146406434783
mAb4,23,0.010231,5549.52,23.6284,0.024205319298872822,9627.369779978895,6395.146406434783
mAb4,23,0.010369,5579.78,23.5459,0.019691099782401696,7831.894165034667,6395.146406434783
mAb4,23,0.010507,5609.87,23.4656,0.016271403182504134,6471.751656851208,6395.146406434783
mAb4,23,0.010645,5639.8,23.3873,0.014149733760050602,5627.8835868363,6395.146406434783
mAb4,23,0.010783,5669.58,23.311,0.011922187120792842,4741.90414845383,6395.146406434783
mAb4,23,0.010922,5699.42,23.2362,0.01001158461755293,3981.9853647301006,6395.146406434783
mAb4,23,0.01106,5728.88,23.1637,0.009377008831122401,3729.5906049686746,6395.146406434783
mAb4,23,0.011198,5758.2,23.0932,0.009517261767668261,3785.3744955334973,6395.146406434783
mAb4,23,0.011337,5787.58,23.0239,0.006939770301440686,2760.208781182917,6395.146406434783
mAb4,23,0.011475,5816.6,22.9569,0.0068476433725331125,2723.566421694259,6395.146406434783
mAb4,23,0.011613,5845.48,22.8916,0.006034313843446097,2400.0745465070795,6395.146406434783
mAb4,23,0.011751,5874.22,22.828,0.006431697163659364,2558.1289031074093,6395.146406434783
mAb4,23,0.011889,5902.81,22.7659,0.0050834814353925535,2021.8925825308588,6395.146406434783
mAb4,23,0.012028,5931.47,22.705,0.004873789544968598,1938.4901971275708,6395.146406434783
mAb4,23,0.012166,5959.79,22.646,0.004664097654544642,1855.0878117242828,6395.146406434783
mAb4,23,0.012304,5987.98,22.5885,0.004849039026754622,1928.6459811455431,6395.146406434783
mAb4,23,0.012443,6016.23,22.532,0.003944270083154866,1568.7851969136514,6395.146406434783
mAb4,23,0.012581,6044.15,22.4774,0.0031371281836213446,1247.7543757219785,6395.146406434783
mAb4,23,0.012719,6071.93,22.4241,0.002717744402773433,1080.9496049154022,6395.146406434783
mAb4,23,0.012857,6099.59,22.3721,0.0033708830778644426,1340.7275266633487,6395.146406434783
mAb4,23,0.012995,6127.13,22.3214,0.002735619777039082,1088.0593164579777,6395.146406434783
mAb4,23,0.013134,6154.73,22.2707,0.002873810170400443,1143.0228556909642,6395.146406434783
mAb4,23,0.013272,6181.95,22.1358,0.0026971189709284536,1072.746091597046,6395.146406434783
mAb4,23,0.01341,6209.05,22.1806,0.0023231111401394965,923.9890500908535,6395.146406434783
mAb4,23,0.013549,6236.34,22.1849,0.00249567725324249,992.6251115211006,6395.146406434783
mAb4,23,0.013687,6263.47,22.2206,0.0019621660828523595,780.42756701962,6395.146406434783
mAb4,23,0.013825,6290.29,22.0296,0.0022797977332650403,906.7616721223056,6395.146406434783
mAb4,23,0.013963,6316.91,22.0197,0.0017387239045317511,691.5561727374279,6395.146406434783
mAb4,23,0.014101,6343.59,22.0538,0.0017689745379043875,703.587992271017,6395.146406434783
mAb4,23,0.01424,6370.36,22.0508,0.002005479489726816,797.654944988168,6395.146406434783
mAb4,23,0.014378,6396.84,22.0022,0.0014671557185728576,583.5432473790712,6395.146406434783
mAb4,23,0.014516,6423.24,21.993,0.0016087836839083819,639.8740388317839,6395.146406434783
mAb4,23,0.014655,6449.74,21.9883,0.0014994688951299917,596.3954182444959,6395.146406434783
mAb4,23,0.014793,6475.75,21.6862,0.0012505886842005755,497.4063575363311,6395.146406434783
mAb4,23,0.014931,6501.38,21.4727,0.0016225339718050347,645.343047710688,6395.146406434783
mAb4,23,0.015069,6527.07,21.777,0.0014602805746245311,580.8087429396192,6395.146406434783
mAb4,23,0.015208,6553.18,21.9108,0.0012292757379607636,488.9293937740297,6395.146406434783
mAb4,23,0.015346,6578.98,21.8324,0.001425904854882899,567.1362207423588,6395.146406434783
mAb4,23,0.015484,6604.62,21.7447,0.0013715912176911205,545.5336356706875,6395.146406434783
mAb4,23,0.015622,6630.13,21.6992,0.0014657806897831922,582.9963464911808,6395.146406434783
mAb4,23,0.01576,6655.54,21.6762,0.0010127087035884813,402.7925039312895,6395.146406434783
mAb4,23,0.015899,6681.03,21.6342,0.0012423385114625838,494.12495220898865,6395.146406434783
mAb4,23,0.016037,6706.19,21.5777,0.0009968958725073305,396.50314372054976,6395.146406434783
mAb4,23,0.016175,6731.26,21.5786,0.000763828492659065,303.8034432231247,6395.146406434783
mAb4,23,0.016313,6756.27,21.5752,0.000967332753529527,384.7447746309059,6395.146406434783
mAb4,23,0.016452,6781.38,21.5565,0.0010718349415440886,426.3092421105773,6395.146406434783
mAb4,23,0.01659,6806.21,21.5389,0.0007452656039985837,296.4202812366041,6395.146406434783
mAb4,23,0.016728,6830.96,21.5221,0.0007521407479469101,299.1547856760562,6395.146406434783
mAb4,23,0.016867,6855.8,21.5061,0.0010003334444814939,397.87039594027584,6395.146406434783
mAb4,23,0.017005,6880.38,21.491,0.001218963022038274,484.8276371148516,6395.146406434783
mAb4,23,0.017143,6904.87,21.4768,0.0008463302200389821,336.6174964965495,6395.146406434783
mAb4,23,0.017281,6929.27,21.4634,0.0007576408631055712,301.34238922761784,6395.146406434783
mAb4,23,0.01742,6953.76,21.4507,0.0010738974847285866,427.12959344241295,6395.146406434783
mAb4,23,0.017558,6978.0,21.4389,0.0008346424753268272,331.96883894948104,6395.146406434783
mAb4,23,0.017696,7002.16,21.4278,0.0006043251530578922,240.36294022783673,6395.146406434783
mAb4,23,0.017834,7026.23,21.4175,0.0006806392508843154,270.7159395057547,6395.146406434783
mAb4,23,0.017972,7050.22,21.4079,0.00088483102614961,351.9307213574811,6395.146406434783
mAb4,23,0.018111,7074.31,21.3989,0.0005561991454196072,221.22140915167225,6395.146406434783
mAb4,23,0.018249,7098.14,21.3908,0.0005465739438919502,217.39310293643936,6395.146406434783
mAb4,23,0.018387,7121.9,21.3833,0.0009583950663967027,381.1899188596182,6395.146406434783
mAb4,23,0.018525,7145.58,21.3765,0.0006029501242682269,239.81603933994634,6395.146406434783
mAb4,23,0.018664,7169.35,21.3703,0.000683389308463646,271.80974128153554,6395.146406434783
mAb4,23,0.018802,7192.88,21.3648,0.00044619684224638456,177.4693381204392,6395.146406434783
mAb4,23,0.01894,7216.33,21.36,0.0004950103642795021,196.88431964054888,6395.146406434783
mAb4,23,0.019079,7239.88,21.3557,0.0005073856233864896,201.80642763156257,6395.146406434783
mAb4,23,0.019217,7263.18,21.3521,0.000516323310519314,205.36128340285026,6395.146406434783
mAb4,23,0.019355,7286.41,21.3491,0.0005170108249141467,205.6347338467955,6395.146406434783
mAb4,23,0.019493,7309.57,21.3467,0.0003932582338442711,156.41365393665825,6395.146406434783
mAb4,23,0.019632,7332.83,21.3448,0.0006270131280873693,249.38680487802856,6395.146406434783
mAb4,23,0.01977,7355.85,21.3435,0.0004901977635156736,194.9701665329324,6395.146406434783
mAb4,23,0.019908,7378.79,21.3428,0.0004083835505305892,162.4295637034528,6395.146406434783
mAb4,23,0.020046,7401.61,21.2371,0.00042007129524274415,167.07822125052132,6395.146406434783
mAb4,23,0.020184,7424.19,20.9713,0.00022550472150510652,89.69174561402782,6395.146406434783
mAb4,23,0.020323,7446.55,20.7498,0.000535573713574628,213.0178958333161,6395.146406434783
mAb4,23,0.020461,7468.78,20.9876,0.0004489468998257151,178.56313989622,6395.146406434783
mAb4,23,0.020599,7491.26,21.1483,0.00028531847385554634,113.4819342372608,6395.146406434783
mAb4,23,0.020737,7513.72,21.301,0.00045100944301021303,179.38349122805565,6395.146406434783
mAb4,23,0.020876,7536.34,21.3482,0.0005149482817296487,204.81438251495985,6395.146406434783
mAb4,23,0.021014,7558.75,21.3515,0.00034788228378531674,138.3659246362746,6395.146406434783
mAb4,23,0.021152,7581.09,21.3554,0.00044963441422054775,178.83659034016523,6395.146406434783
mAb4,23,0.021291,7603.53,21.3597,0.0004915727923053389,195.51706742082283,6395.146406434783
mAb4,23,0.021429,7625.74,21.3644,0.00033963211104732507,135.08451930893213,6395.146406434783
mAb4,23,0.021567,7647.89,21.3696,0.00024888021092941634,98.98906070816484,6395.146406434783
mAb4,23,0.021705,7669.98,21.3752,0.00039738332021326694,158.0543566003295,6395.146406434783
mAb4,23,0.021844,7692.17,21.3813,0.0002468176677449184,98.16870937632923,6395.146406434783
mAb4,23,0.021982,7714.14,21.3877,0.00028394344506588106,112.93503334937039,6395.146406434783
mAb4,23,0.02212,7736.04,21.3946,0.0002880685314348769,114.57573601304162,6395.146406434783
mAb4,23,0.022258,7757.89,21.4019,0.00017669119947198895,70.27676409391815,6395.146406434783
mAb4,23,0.022396,7779.67,21.4054,0.0001890664585789765,75.19887208493185,6395.146406434783
mAb4,23,0.022535,7801.54,21.3987,0.000506698108991657,201.53297718761738,6395.146406434783
mAb4,23,0.022673,7823.18,21.3851,0.00027294321474855877,108.55982624624707,6395.146406434783
mAb4,23,0.022811,7844.74,21.3774,0.000239942523796592,95.43420493687717,6395.146406434783
mAb4,23,0.022949,7866.24,21.3763,0.0002234421783206086,88.8713942821922,6395.146406434783
mAb4,23,0.023088,7887.84,21.3804,0.0002103794048187884,83.67583584723327,6395.146406434783
mAb4,23,0.023226,7909.22,21.3879,0.0001711910843133278,68.08916054235648,6395.146406434783
mAb4,23,0.023364,7930.54,21.3965,0.0002447551245604205,97.34835804449361,6395.146406434783
mAb4,23,0.023503,7951.95,21.4055,0.0001643159403650014,65.35465610290441,6395.146406434783
mAb4,23,0.023641,7973.16,21.4148,0.0002976937329625339,118.40404222827452,6395.146406434783
mAb4,23,0.023779,7994.31,21.4245,0.00022000460634644537,87.50414206246616,6395.146406434783
mAb4,23,0.023917,8015.41,21.4316,0.0002633180132209018,104.73152003101418,6395.146406434783
mAb4,23,0.024056,8036.6,21.4349,7.493906903675795e-05,29.806098390027536,6395.146406434783
mAb4,23,0.024194,8057.57,21.4436,0.00016362842597016875,65.0812056589592,6395.146406434783
mAb4,23,0.024332,8078.5,21.4599,0.0002516302685087469,100.08286248394568,6395.146406434783
mAb4,23,0.02447,8099.37,21.4743,0.00022619223589993916,89.96519605797302,6395.146406434783
mAb4,23,0.024608,8120.2,21.4887,0.00022412969271544124,89.1448447261374,6395.146406434783
mAb4,23,0.024747,8141.12,21.5015,0.0002887560458297096,114.84918645698684,6395.146406434783
mAb4,23,0.024885,8161.84,21.5139,0.00010862727438355741,43.20517014334267,6395.146406434783
mAb4,23,0.025023,8182.51,21.5265,0.00020350426087046197,80.94133140778119,6395.146406434783
mAb4,23,0.025162,8203.28,21.5395,9.762704406623514e-05,38.82996304021936,6395.146406434783
mAb4,23,0.0253,8223.85,21.5527,0.00010931478877839005,43.47862058728787,6395.146406434783
mAb4,23,0.025438,8244.36,21.5662,0.00022619223589993916,89.96519605797302,6395.146406434783
mAb4,23,0.025576,8264.83,21.5799,9.69395296714025e-05,38.55651259627415,6395.146406434783
mAb4,23,0.025715,8285.39,21.5941,0.00011275236075255326,44.84587280701391,6395.146406434783
mAb4,23,0.025853,8305.76,21.6084,9.006438572307608e-05,35.822008156822086,6395.146406434783
mAb4,23,0.025991,8326.07,21.623,0.00014506553730968743,57.69804367243863,6395.146406434783
mAb4,23,0.026129,8346.34,21.6378,0.00016156588278567083,64.2608543271236,6395.146406434783
mAb4,23,0.026267,8366.56,21.6529,0.0002041917752652946,81.2147818517264,6395.146406434783
mAb4,23,0.026406,8386.88,21.6684,7.837664101092116e-05,31.17335060975357,6395.146406434783
mAb4,23,0.026544,8407.0,21.684,0.0001051897024093942,41.83791792361664,6395.146406434783
mAb4,23,0.026682,8427.07,21.6998,6.25638099297704e-05,24.883990399013815,6395.146406434783
mAb4,23,0.02682,8447.1,21.7159,0.0001725661131029931,68.6360614302469,6395.146406434783
mAb4,23,0.026959,8467.23,21.7324,0.00017325362749782573,68.9095118741921,6395.146406434783
mAb4,23,0.027097,8487.16,21.749,0.00018012877144615215,71.64401631364417,6395.146406434783
mAb4,23,0.027235,8507.05,21.7658,0.00011687744712154911,46.486575470685146,6395.146406434783
mAb4,23,0.027374,8527.04,21.7829,0.00010725224559389212,42.658269255452254,6395.146406434783
mAb4,23,0.027512,8546.84,21.8002,4.537595005895436e-05,18.047729300383644,6395.146406434783
mAb4,24,0.000138,2715.58,46.3401,3.7477011868612735e-05,9.325263131218255,6128.723942666667
mAb4,24,0.000276,2780.26,45.2845,0.0,0.0,6128.723942666667
mAb4,24,0.000415,2844.02,44.2863,6.781554528606114e-05,16.874285666013986,6128.723942666667
mAb4,24,0.000553,2906.01,43.3379,0.0,0.0,6128.723942666667
mAb4,24,0.000691,2966.69,42.4184,2.1415435353492992e-05,5.328721789267575,6128.723942666667
mAb4,24,0.00083,3026.88,41.7191,1.0707717676746496e-05,2.6643608946337873,6128.723942666667
mAb4,24,0.000968,3085.41,40.8637,4.907703935175477e-05,12.211654100404857,6128.723942666667
mAb4,24,0.001106,3142.92,40.117,1.0707717676746496e-05,2.6643608946337873,6128.723942666667
mAb4,24,0.001244,3199.48,39.4653,4.3723180513381527e-05,10.879473653087965,6128.723942666667
mAb4,24,0.001383,3255.55,38.8024,4.550780012617261e-05,11.323533802193596,6128.723942666667
mAb4,24,0.001521,3310.07,37.9995,0.0001338464709593312,33.30451118292234,6128.723942666667
mAb4,24,0.001659,3363.92,37.4971,9.190791005874075e-05,22.869097678940008,6128.723942666667
mAb4,24,0.001797,3416.97,36.9996,1.2492337289537578e-05,3.1084210437394186,6128.723942666667
mAb4,24,0.001936,3469.65,36.4083,7.852326296280764e-05,19.538646560647773,6128.723942666667
mAb4,24,0.002074,3521.19,35.8805,0.0,0.0,6128.723942666667
mAb4,24,0.002212,3572.01,35.3829,0.0,0.0,6128.723942666667
mAb4,24,0.00235,3622.16,34.9069,1.0707717676746496e-05,2.6643608946337873,6128.723942666667
mAb4,24,0.002489,3672.01,34.448,0.0,0.0,6128.723942666667
mAb4,24,0.002627,3720.88,34.0114,3.480008244942611e-05,8.659172907559809,6128.723942666667
mAb4,24,0.002765,3769.14,33.5926,2.4984674579075156e-05,6.216842087478837,6128.723942666667
mAb4,24,0.002903,3816.82,33.1906,2.4984674579075156e-05,6.216842087478837,6128.723942666667
mAb4,24,0.003042,3864.23,32.7222,0.0,0.0,6128.723942666667
mAb4,24,0.00318,3910.5,32.1312,0.0,0.0,6128.723942666667
mAb4,24,0.003318,3956.28,31.8245,4.7292419738963686e-05,11.767593951299226,6128.723942666667
mAb4,24,0.003456,4001.73,31.5905,1.0707717676746496e-05,2.6643608946337873,6128.723942666667
mAb4,24,0.003595,4047.04,31.3909,0.0,0.0,6128.723942666667
mAb4,24,0.003733,4091.65,31.1014,4.193856090059044e-05,10.435413503982334,6128.723942666667
mAb4,24,0.003871,4135.79,30.7684,0.0,0.0,6128.723942666667
mAb4,24,0.004009,4179.43,30.4224,6.69232354796656e-05,16.65225559146117,6128.723942666667
mAb4,24,0.004148,4222.93,30.0919,0.0,0.0,6128.723942666667
mAb4,24,0.004286,4265.67,29.8104,1.1600027483142036e-05,2.8863909691866025,6128.723942666667
mAb4,24,0.004424,4308.0,29.5383,0.0,0.0,6128.723942666667
mAb4,24,0.004562,4349.93,29.2754,0.0,0.0,6128.723942666667
mAb4,24,0.004701,4391.78,29.0192,0.0,0.0,6128.723942666667
mAb4,24,0.004839,4432.95,28.7733,2.2307745159888534e-05,5.55075186382039,6128.723942666667
mAb4,24,0.004977,4473.76,28.5353,0.0,0.0,6128.723942666667
mAb4,24,0.005115,4514.2,28.2917,1.0707717676746496e-05,2.6643608946337873,6128.723942666667
mAb4,24,0.005253,4554.13,27.9742,0.0,0.0,6128.723942666667
mAb4,24,0.005392,4594.07,27.8265,0.0,0.0,6128.723942666667
mAb4,24,0.00553,4633.47,27.6239,0.0,0.0,6128.723942666667
mAb4,24,0.005668,4672.54,27.4187,0.0,0.0,6128.723942666667
mAb4,24,0.005806,4711.3,27.2196,1.1600027483142036e-05,2.8863909691866025,6128.723942666667
mAb4,24,0.005945,4750.02,27.0252,0.0,0.0,6128.723942666667
mAb4,24,0.006083,4788.17,26.8378,0.0,0.0,6128.723942666667
mAb4,24,0.006221,4826.02,26.656,2.1415435353492992e-05,5.328721789267575,6128.723942666667
mAb4,24,0.006359,4863.59,26.4795,0.0,0.0,6128.723942666667
mAb4,24,0.006498,4901.14,26.3069,0.0,0.0,6128.723942666667
mAb4,24,0.006636,4938.15,26.1405,6.781554528606114e-05,16.874285666013986,6128.723942666667
mAb4,24,0.006774,4974.88,25.9789,9.636945909071846e-05,23.979248051704083,6128.723942666667
mAb4,24,0.006912,5011.36,25.8219,0.0006272937938960655,156.08714241062938,6128.723942666667
mAb4,24,0.007051,5047.83,25.6683,0.0024565288970069253,611.2487952439013,6128.723942666667
mAb4,24,0.007189,5083.79,25.5201,0.01024639350684,2549.5713460899815,6128.723942666667
mAb4,24,0.007327,5119.51,25.376,0.0721637709726266,17956.238219309857,6128.723942666667
mAb4,24,0.007465,5154.98,25.236,0.28352608712334487,70548.72400870985,6128.723942666667
mAb4,24,0.007604,5190.47,25.0989,0.5824980569953966,144940.78860792893,6128.723942666667
mAb4,24,0.007742,5225.47,24.9665,0.8653424194266552,215319.88163968042,6128.723942666667
mAb4,24,0.00788,5260.24,24.8378,1.0,248826.21816037127,6128.723942666667
mAb4,24,0.008019,5295.03,24.7118,0.940170627481179,233939.10166160497,6128.723942666667
mAb4,24,0.008157,5329.36,24.59,0.7202082294164205,179206.69001366495,6128.723942666667
mAb4,24,0.008295,5363.46,24.4716,0.47465170917481864,118105.78973732652,6128.723942666667
mAb4,24,0.008433,5397.36,24.3564,0.2942694971923472,73221.96610632574,6128.723942666667
mAb4,24,0.008571,5431.04,24.2443,0.17740635877814234,44143.35333236714,6128.723942666667
mAb4,24,0.00871,5464.77,24.1344,0.11254078971202486,28003.099092824763,6128.723942666667
mAb4,24,0.008848,5498.05,24.0283,0.07221909418062314,17970.004083932134,6128.723942666667
mAb4,24,0.008986,5531.13,23.925,0.046177032480969264,11490.056358108208,6128.723942666667
mAb4,24,0.009125,5564.25,23.8237,0.03164309035439868,7873.6305037919465,6128.723942666667
mAb4,24,0.009263,5596.95,23.7258,0.025467414184335145,6336.96035781191,6128.723942666667
mAb4,24,0.009401,5629.45,23.6305,0.019467523046131526,4844.030136518779,6128.723942666667
mAb4,24,0.009539,5661.77,23.5377,0.014068156407632103,3500.5261553996907,6128.723942666667
mAb4,24,0.009677,5693.91,23.4473,0.013224031330781922,3290.485704872727,6128.723942666667
mAb4,24,0.009816,5726.1,23.3587,0.010525686476241806,2619.066759425013,6128.723942666667
mAb4,24,0.009954,5757.88,23.2729,0.008277958073931438,2059.7730016264704,6128.723942666667
mAb4,24,0.010092,5789.48,23.1895,0.006413030578564755,1595.7301458110858,6128.723942666667
mAb4,24,0.010231,5821.15,23.1076,0.005628690258743074,1400.5657102791608,6128.723942666667
mAb4,24,0.010369,5852.41,23.0283,0.00580982914944137,1445.6378154133824,6128.723942666667
mAb4,24,0.010507,5883.51,22.9511,0.003878870728401418,965.1647340810895,6128.723942666667
mAb4,24,0.010645,5914.44,22.8759,0.00440890275340037,1097.050598365462,6128.723942666667
mAb4,24,0.010783,5945.22,22.8026,0.0037093318651862653,922.9790199160545,6128.723942666667
mAb4,24,0.010922,5976.05,22.7306,0.002947299290524473,733.3653362479499,6128.723942666667
mAb4,24,0.01106,6006.51,22.661,0.003153422855801843,784.6542834696504,6128.723942666667
mAb4,24,0.011198,6036.81,22.5931,0.0025868061287406745,643.6651861286125,6128.723942666667
mAb4,24,0.011337,6067.17,22.5265,0.0027982835528564177,696.2863137976298,6128.723942666667
mAb4,24,0.011475,6097.17,22.4619,0.00270369871337849,672.7511258950312,6128.723942666667
mAb4,24,0.011613,6127.01,22.399,0.0022102513904417556,549.9684946673242,6128.723942666667
mAb4,24,0.011751,6156.71,22.3294,0.0016150807495759298,401.87443494059625,6128.723942666667
mAb4,24,0.011889,6186.12,22.145,0.0016391731143486094,407.8692469535223,6128.723942666667
mAb4,24,0.012028,6215.84,22.3319,0.001632034635897445,406.09300635709974,6128.723942666667
mAb4,24,0.012166,6245.25,22.2803,0.0015285266983555623,380.33751770897317,6128.723942666667
mAb4,24,0.012304,6274.46,22.1361,0.0016382808045422139,407.64721687896946,6128.723942666667
mAb4,24,0.012443,6303.65,22.0245,0.0011564335090886216,287.7509766204491,6128.723942666667
mAb4,24,0.012581,6332.53,22.0839,0.0011644642973461814,289.74924729142435,6128.723942666667
mAb4,24,0.012719,6361.36,22.0856,0.0009039098338786834,224.91646552200223,6128.723942666667
mAb4,24,0.012857,6390.11,22.0242,0.0010011716027757973,249.1177436482591,6128.723942666667
mAb4,24,0.012995,6418.74,22.0074,0.0011412642423798973,283.97646535305114,6128.723942666667
mAb4,24,0.013134,6447.48,21.9711,0.0011823104934740923,294.1898487824807,6128.723942666667
mAb4,24,0.013272,6475.53,21.5561,0.0008717866808484439,216.92338283810085,6128.723942666667
mAb4,24,0.01341,6503.33,21.5648,0.0007147401549228286,177.84608971680532,6128.723942666667
mAb4,24,0.013549,6531.59,21.8227,0.0006272937938960655,156.08714241062938,6128.723942666667
mAb4,24,0.013687,6559.65,21.8692,0.000787909559047263,196.05255583013619,6128.723942666667
mAb4,24,0.013825,6587.55,21.7439,0.0006674477351838649,166.07849576550606,6128.723942666667
mAb4,24,0.013963,6615.27,21.6741,0.0004988011817751075,124.11481167502392,6128.723942666667
mAb4,24,0.014101,6642.87,21.6401,0.0006977862686013133,173.6275183003018,6128.723942666667
mAb4,24,0.01424,6670.55,21.6019,0.0008021865159495916,199.60503702298124,6128.723942666667
mAb4,24,0.014378,6697.86,21.5255,0.0008271711905286668,205.82187911046006,6128.723942666667
mAb4,24,0.014516,6725.07,21.5177,0.0009012329044594967,224.25037529834378,6128.723942666667
mAb4,24,0.014655,6752.39,21.5067,0.0006549553978943273,162.97007472176665,6128.723942666667
mAb4,24,0.014793,6779.42,21.4806,0.0005112935190646451,127.22323271876333,6128.723942666667
mAb4,24,0.014931,6806.35,21.4555,0.00038280090694368723,95.2509019831579,6128.723942666667
mAb4,24,0.015069,6833.17,21.4316,0.0005550166995780267,138.1027063718513,6128.723942666667
mAb4,24,0.015208,6860.08,21.4086,0.0003408623460430968,84.81548847917557,6128.723942666667
mAb4,24,0.015346,6886.7,21.3869,0.0005336012642245337,132.77398458258375,6128.723942666667
mAb4,24,0.015484,6913.21,21.3661,0.0007308017314379483,181.84263105875598,6128.723942666667
mAb4,24,0.015622,6939.63,21.3464,0.00039618555403962035,98.58135310145013,6128.723942666667
mAb4,24,0.01576,6965.95,21.3277,0.0006861862411181713,170.74112733111522,6128.723942666667
mAb4,24,0.015899,6992.36,21.3098,0.0002355697888884229,58.615939681943324,6128.723942666667
mAb4,24,0.016037,7018.49,21.293,0.00038101628733089614,94.80684183405226,6128.723942666667
mAb4,24,0.016175,7044.52,21.2771,0.00031230843223843945,77.71052609348546,6128.723942666667
mAb4,24,0.016313,7070.46,21.2621,0.0004470472130041662,111.23706735096061,6128.723942666667
mAb4,24,0.016452,7096.49,21.2479,0.00033550848720472355,83.48330803185867,6128.723942666667
mAb4,24,0.01659,7122.24,21.2347,0.0002659083223058713,66.16496221673906,6128.723942666667
mAb4,24,0.016728,7147.9,21.2224,0.00029713916552971524,73.93601482608759,6128.723942666667
mAb4,24,0.016867,7173.66,21.2108,0.0002462775065651694,61.28030057657711,6128.723942666667
mAb4,24,0.017005,7199.15,21.2001,0.0002784006595954089,69.27338326047847,6128.723942666667
mAb4,24,0.017143,7224.54,21.1902,0.0005746475153187286,142.98736801201326,6128.723942666667
mAb4,24,0.017281,7249.85,21.1811,0.00019809277701981018,49.29067655072507,6128.723942666667
mAb4,24,0.01742,7275.26,21.1727,0.00017400041224713056,43.29586453779905,6128.723942666667
mAb4,24,0.017558,7300.4,21.1651,0.00014812342786165984,36.85699237576739,6128.723942666667
mAb4,24,0.017696,7325.45,21.1583,0.00014633880824886877,36.41293222666176,6128.723942666667
mAb4,24,0.017834,7350.43,21.1521,0.00036138547159019423,89.92218019389033,6128.723942666667
mAb4,24,0.017972,7375.32,21.1467,0.000215938973147721,53.73127804178138,6128.723942666667
mAb4,24,0.018111,7400.21,20.9941,6.603092567327005e-05,16.430225516908354,6128.723942666667
mAb4,24,0.018249,7424.48,20.6036,0.0002855391380465732,71.049623856901,6128.723942666667
mAb4,24,0.018387,7448.68,20.5949,0.00019541584760062356,48.62458632706662,6128.723942666667
mAb4,24,0.018525,7472.9,20.8449,8.65540512203675e-05,21.536917231623114,6128.723942666667
mAb4,24,0.018664,7497.46,21.0125,0.0002204005221796987,54.841428414545454,6128.723942666667
mAb4,24,0.018802,7521.82,21.1241,0.00016953886321515284,42.185714165034966,6128.723942666667
mAb4,24,0.01894,7546.15,21.1233,0.0001534772867000331,38.189172823084284,6128.723942666667
mAb4,24,0.019079,7570.58,21.123,0.0001900619887622503,47.29240587974972,6128.723942666667
mAb4,24,0.019217,7594.76,21.1234,0.00014723111805526432,36.63496230121458,6128.723942666667
mAb4,24,0.019355,7618.86,21.1244,0.0002025543260517879,50.40082692348915,6128.723942666667
mAb4,24,0.019493,7642.89,21.1259,0.00018292351031108596,45.5161652833272,6128.723942666667
mAb4,24,0.019632,7667.02,21.128,0.00015526190631282418,38.633232972189916,6128.723942666667
mAb4,24,0.01977,7690.91,21.1306,0.00017578503185992163,43.73992468690467,6128.723942666667
mAb4,24,0.019908,7714.72,21.1338,0.00018203120050469044,45.294135208774385,6128.723942666667
mAb4,24,0.020046,7738.46,21.1374,9.458483947792737e-05,23.53518790259845,6128.723942666667
mAb4,24,0.020184,7762.13,21.1406,0.000215938973147721,53.73127804178138,6128.723942666667
mAb4,24,0.020323,7785.9,21.1349,0.0002480621261779605,61.72436072568274,6128.723942666667
mAb4,24,0.020461,7809.4,21.1172,0.00012135413366979362,30.196090139182925,6128.723942666667
mAb4,24,0.020599,7832.82,21.1026,0.00017756965147271272,44.18398483601031,6128.723942666667
mAb4,24,0.020737,7856.16,21.0972,0.00015526190631282418,38.633232972189916,6128.723942666667
mAb4,24,0.020876,7879.59,21.0976,0.00023913902811400508,59.50405998015459,6128.723942666667
mAb4,24,0.021014,7902.79,21.1023,0.00025163136540354265,62.612481023894,6128.723942666667
mAb4,24,0.021152,7925.92,21.1081,0.0001124310356058382,27.975789393654768,6128.723942666667
mAb4,24,0.021291,7949.15,21.1145,0.00028286220862738657,70.38353363324254,6128.723942666667
mAb4,24,0.021429,7972.14,21.1212,0.00025787753404831143,64.16669154576371,6128.723942666667
mAb4,24,0.021567,7995.07,21.1283,5.443089819012802e-05,13.543834547721753,6128.723942666667
mAb4,24,0.021705,8017.93,21.1304,9.012329044594967e-05,22.425037529834377,6128.723942666667
mAb4,24,0.021844,8040.88,21.1318,0.00010350793754188279,25.75548864812661,6128.723942666667
mAb4,24,0.021982,8063.61,21.1436,4.3723180513381527e-05,10.879473653087965,6128.723942666667
mAb4,24,0.02212,8086.28,21.1568,4.3723180513381527e-05,10.879473653087965,6128.723942666667
mAb4,24,0.022258,8108.89,21.1699,0.00016596962398957068,41.2975938668237,6128.723942666667
mAb4,24,0.022396,8131.43,21.1804,0.00010618486696106942,26.42157887178506,6128.723942666667
mAb4,24,0.022535,8154.08,21.1907,0.00019720046721341463,49.06864647617225,6128.723942666667
mAb4,24,0.022673,8176.51,21.2013,5.1753968770941394e-05,12.877744324063306,6128.723942666667
mAb4,24,0.022811,8198.87,21.2122,2.5876984385470697e-05,6.438872162031653,6128.723942666667
mAb4,24,0.022949,8221.18,21.2235,5.62155178029191e-05,13.987894696827384,6128.723942666667
mAb4,24,0.023088,8243.58,21.2353,0.00022843131043725858,56.8396990855208,6128.723942666667
mAb4,24,0.023226,8265.77,21.2474,2.5876984385470697e-05,6.438872162031653,6128.723942666667
mAb4,24,0.023364,8287.89,21.2598,4.3723180513381527e-05,10.879473653087965,6128.723942666667
mAb4,24,0.023503,8310.12,21.2727,3.0338533417448405e-05,7.549022534795731,6128.723942666667
mAb4,24,0.023641,8332.13,21.2858,0.00011064641599304712,27.531729244549137,6128.723942666667
mAb4,24,0.023779,8354.08,21.2993,7.13847845116433e-05,17.76240596422525,6128.723942666667
mAb4,24,0.023917,8375.98,21.3131,8.65540512203675e-05,21.536917231623114,6128.723942666667
mAb4,24,0.024056,8397.97,21.3273,2.9446223611052864e-05,7.3269924602429155,6128.723942666667
mAb4,24,0.024194,8419.76,21.3417,0.00011153872579944266,27.75375931910195,6128.723942666667
mAb4,24,0.024332,8441.49,21.3565,2.3200054966284072e-05,5.772781938373205,6128.723942666667
mAb4,24,0.02447,8463.16,21.3716,3.926163148140382e-05,9.769323280323887,6128.723942666667
mAb4,24,0.024608,8484.78,21.387,3.6584702062217193e-05,9.10323305666544,6128.723942666667
mAb4,24,0.024747,8506.5,21.4028,0.0001811388906982949,45.07210513422157,6128.723942666667
mAb4,24,0.024885,8528.01,21.4187,0.0001079694865738605,26.86563902089069,6128.723942666667
mAb4,24,0.025023,8549.47,21.435,0.0001383080199913089,34.414661555686415,6128.723942666667
mAb4,24,0.025162,8571.03,21.4517,7.13847845116433e-05,17.76240596422525,6128.723942666667
mAb4,24,0.0253,8592.38,21.4686,7.673864335001655e-05,19.094586411542142,6128.723942666667
mAb4,24,0.025438,8613.68,21.4857,9.369252967153184e-05,23.31315782804564,6128.723942666667
mAb4,24,0.025576,8634.92,21.5031,0.0001445541886360777,35.968872077556135,6128.723942666667
mAb4,24,0.025715,8656.28,21.5209,8.20925021883898e-05,20.426766858859036,6128.723942666667
mAb4,24,0.025853,8677.42,21.5388,6.067706683489681e-05,15.098045069591462,6128.723942666667
mAb4,24,0.025991,8698.52,21.557,3.390777264303057e-05,8.437142833006993,6128.723942666667
mAb4,24,0.026129,8719.56,21.5754,2.5876984385470697e-05,6.438872162031653,6128.723942666667
mAb4,24,0.026267,8740.56,21.5941,5.7107827609314644e-05,14.2099247713802,6128.723942666667
mAb4,24,0.026406,8761.65,21.6132,0.00012224644347618916,30.418120213735737,6128.723942666667
mAb4,24,0.026544,8782.55,21.6324,2.3200054966284072e-05,5.772781938373205,6128.723942666667
mAb4,24,0.026682,8803.4,21.6518,1.1600027483142036e-05,2.8863909691866025,6128.723942666667
mAb4,24,0.02682,8824.2,21.6714,9.012329044594967e-05,22.425037529834377,6128.723942666667
mAb4,24,0.026959,8845.1,21.6915,8.030788257559872e-05,19.982706709753405,6128.723942666667
mAb4,24,0.027097,8865.8,21.7116,7.13847845116433e-05,17.76240596422525,6128.723942666667
mAb4,24,0.027235,8886.46,21.7319,8.387712180118089e-05,20.870827007964667,6128.723942666667
mAb4,24,0.027374,8907.22,21.7526,3.7477011868612735e-05,9.325263131218255,6128.723942666667
mAb4,24,0.027512,8927.78,21.7733,5.889244722210573e-05,14.653984920485831,6128.723942666667
mAb4,25,0.000138,2903.14,44.9034,7.539408488167652e-05,4.470969089942287,5883.615276
mAb4,25,0.000276,2968.62,43.9623,0.0,0.0,5883.615276
mAb4,25,0.000415,3033.37,43.0983,6.0315267905341216e-05,3.576775271953829,5883.615276
mAb4,25,0.000553,3096.32,42.0934,0.0004583960360805933,27.1834920668491,5883.615276
mAb4,25,0.000691,3158.1,41.3401,0.0,0.0,5883.615276
mAb4,25,0.00083,3219.26,40.5996,8.745713846274477e-05,5.186324144333052,5883.615276
mAb4,25,0.000968,3278.75,39.705,0.0,0.0,5883.615276
mAb4,25,0.001106,3337.26,39.0627,8.745713846274477e-05,5.186324144333052,5883.615276
mAb4,25,0.001244,3394.88,38.4961,0.0,0.0,5883.615276
mAb4,25,0.001383,3452.03,37.8252,0.0,0.0,5883.615276
mAb4,25,0.001521,3507.87,37.2175,0.0,0.0,5883.615276
mAb4,25,0.001659,3562.88,36.6481,0.0,0.0,5883.615276
mAb4,25,0.001797,3617.1,36.1049,0.0,0.0,5883.615276
mAb4,25,0.001936,3670.94,35.5825,4.8252214324272974e-05,2.8614202175630634,5883.615276
mAb4,25,0.002074,3723.66,35.0867,0.0,0.0,5883.615276
mAb4,25,0.002212,3775.69,34.6122,3.618916074320473e-05,2.1460651631722976,5883.615276
mAb4,25,0.00235,3827.04,34.1398,0.0,0.0,5883.615276
mAb4,25,0.002489,3877.86,33.4653,0.0,0.0,5883.615276
mAb4,25,0.002627,3927.61,33.0268,0.0,0.0,5883.615276
mAb4,25,0.002765,3976.96,32.7644,9.650442864854595e-05,5.722840435126127,5883.615276
mAb4,25,0.002903,4025.8,32.4899,3.618916074320473e-05,2.1460651631722976,5883.615276
mAb4,25,0.003042,4074.51,32.1576,0.0,0.0,5883.615276
mAb4,25,0.00318,4122.33,31.7799,0.0,0.0,5883.615276
mAb4,25,0.003318,4169.57,31.3844,3.618916074320473e-05,2.1460651631722976,5883.615276
mAb4,25,0.003456,4216.27,31.0141,0.0,0.0,5883.615276
mAb4,25,0.003595,4262.8,30.6874,6.634679469587534e-05,3.934452799149212,5883.615276
mAb4,25,0.003733,4308.52,30.3745,0.0,0.0,5883.615276
mAb4,25,0.003871,4353.77,30.0725,0.0,0.0,5883.615276
mAb4,25,0.004009,4398.58,29.781,5.1267977719540036e-05,3.040258981160755,5883.615276
mAb4,25,0.004148,4443.27,29.4974,0.0,0.0,5883.615276
mAb4,25,0.004286,4487.22,29.2253,0.0,0.0,5883.615276
mAb4,25,0.004424,4530.68,28.8832,0.0,0.0,5883.615276
mAb4,25,0.004562,4573.65,28.6263,0.0,0.0,5883.615276
mAb4,25,0.004701,4616.63,28.4291,0.0,0.0,5883.615276
mAb4,25,0.004839,4658.96,28.1885,0.0,0.0,5883.615276
mAb4,25,0.004977,4700.92,27.9554,0.0,0.0,5883.615276
mAb4,25,0.005115,4742.52,27.7297,0.0,0.0,5883.615276
mAb4,25,0.005253,4783.76,27.5109,0.0,0.0,5883.615276
mAb4,25,0.005392,4824.96,27.2973,0.0,0.0,5883.615276
mAb4,25,0.00553,4865.52,27.0917,0.0001236462992059495,7.33238930750535,5883.615276
mAb4,25,0.005668,4905.76,26.8923,3.618916074320473e-05,2.1460651631722976,5883.615276
mAb4,25,0.005806,4945.68,26.6988,0.0,0.0,5883.615276
mAb4,25,0.005945,4985.57,26.5098,0.0,0.0,5883.615276
mAb4,25,0.006083,5024.87,26.3277,3.618916074320473e-05,2.1460651631722976,5883.615276
mAb4,25,0.006221,5063.87,26.1509,0.0,0.0,5883.615276
mAb4,25,0.006359,5102.58,25.9793,3.618916074320473e-05,2.1460651631722976,5883.615276
mAb4,25,0.006498,5141.28,25.8114,0.0,0.0,5883.615276
mAb4,25,0.006636,5179.42,25.6496,0.0018908836488324473,112.13190477575255,5883.615276
mAb4,25,0.006774,5217.29,25.4923,0.028088820263517406,1665.7042441488984,5883.615276
mAb4,25,0.006912,5254.9,25.3396,0.18574689904128883,11015.037127509013,5883.615276
mAb4,25,0.007051,5292.51,25.1901,0.5151919081036578,30551.562501684424,5883.615276
mAb4,25,0.007189,5329.59,25.0458,0.8706327976332289,51629.678018071936,5883.615276
mAb4,25,0.007327,5366.42,24.9056,1.0,59301.32446012211,5883.615276
mAb4,25,0.007465,5403.0,24.7692,0.8248595408198655,48915.26326418618,5883.615276
mAb4,25,0.007604,5439.6,24.6357,0.5460974513783546,32384.302151033567,5883.615276
mAb4,25,0.007742,5475.71,24.5068,0.32679716880132453,19379.504939736642,5883.615276
mAb4,25,0.00788,5511.57,24.3815,0.20935429489943938,12414.986968951742,5883.615276
mAb4,25,0.008019,5547.47,24.2587,0.1226390342319303,7272.657160463721,5883.615276
mAb4,25,0.008157,5582.88,24.14,0.06831608819298474,4051.234511778505,5883.615276
mAb4,25,0.008295,5618.07,24.0246,0.04166578706900971,2470.836357865705,5883.615276
mAb4,25,0.008433,5653.05,23.9123,0.03203343878452672,1899.6253469346786,5883.615276
mAb4,25,0.008571,5687.81,23.8029,0.020265930016194648,1201.7964913764865,5883.615276
mAb4,25,0.00871,5722.61,23.6957,0.017153662192279043,1017.234887343669,5883.615276
mAb4,25,0.008848,5756.95,23.5922,0.015389440606047812,912.6142106390195,5883.615276
mAb4,25,0.008986,5791.09,23.4913,0.00993090886061443,588.916048527198,5883.615276
mAb4,25,0.009125,5825.28,23.3924,0.007011649893995916,415.8001253646326,5883.615276
mAb4,25,0.009263,5859.02,23.2967,0.006330087366665561,375.38256479155433,5883.615276
mAb4,25,0.009401,5892.57,23.2036,0.005449484455247579,323.16164582102846,5883.615276
mAb4,25,0.009539,5925.93,23.1128,0.0034862224849287224,206.73761071893134,5883.615276
mAb4,25,0.009677,5959.1,23.0244,0.00310925206052034,184.3827652692199,5883.615276
mAb4,25,0.009816,5992.32,22.9376,0.0028830698058753103,170.96985799939304,5883.615276
mAb4,25,0.009954,6025.12,22.8536,0.001987388077480993,117.85474521087866,5883.615276
mAb4,25,0.010092,6057.75,22.7718,0.0018938994122277143,112.31074353935024,5883.615276
mAb4,25,0.010231,6090.43,22.6915,0.0013148728403364386,77.97370092859347,5883.615276
mAb4,25,0.010369,6122.7,22.6137,0.0011067851660630113,65.63382624035276,5883.615276
mAb4,25,0.010507,6154.78,22.5124,0.0016526383406063494,98.00364245153493,5883.615276
mAb4,25,0.010645,6186.6,22.4171,0.0013209043671269726,78.33137845578885,5883.615276
mAb4,25,0.010783,6218.44,22.4796,0.0014385191395423881,85.30609023609883,5883.615276
mAb4,25,0.010922,6250.48,22.4791,0.001287730969779035,76.36415205621425,5883.615276
mAb4,25,0.01106,6281.85,22.1874,0.0014174087957755186,84.05421889091498,5883.615276
mAb4,25,0.011198,6313.16,22.2462,0.0004583960360805933,27.1834920668491,5883.615276
mAb4,25,0.011337,6344.63,22.25,0.0006302945496108157,37.377301591917515,5883.615276
mAb4,25,0.011475,6375.76,22.1779,0.000744893558630964,44.173174608629786,5883.615276
mAb4,25,0.011613,6406.75,22.15,0.0015440708583767352,91.56544696201803,5883.615276
mAb4,25,0.011751,6437.62,22.1043,0.000395065004779985,23.42787803129758,5883.615276
mAb4,25,0.011889,6467.98,21.6626,0.00045236450929005915,26.82581453965372,5883.615276
mAb4,25,0.012028,6498.29,21.7089,0.0005187113039859344,30.76026733880293,5883.615276
mAb4,25,0.012166,6528.67,21.9445,0.0006363260764013499,37.7349791191129,5883.615276
mAb4,25,0.012304,6558.98,21.9303,0.0005669635183102074,33.62168755636599,5883.615276
mAb4,25,0.012443,6589.31,21.8038,0.000346812790455712,20.56645781373452,5883.615276
mAb4,25,0.012581,6619.25,21.7379,0.00023824530822609782,14.128262324217626,5883.615276
mAb4,25,0.012719,6649.04,21.6991,0.0004312541655231897,25.57394319446988,5883.615276
mAb4,25,0.012857,6678.68,21.6212,0.00022618225464502957,13.41290726982686,5883.615276
mAb4,25,0.012995,6708.13,21.5716,0.00041315958515158736,24.500910612883732,5883.615276
mAb4,25,0.013134,6737.71,21.5603,0.00039204924138471793,23.24903926769989,5883.615276
mAb4,25,0.013272,6766.97,21.5271,0.00019602462069235897,11.624519633849944,5883.615276
mAb4,25,0.01341,6796.11,21.4924,0.0005639477549149404,33.4428487927683,5883.615276
mAb4,25,0.013549,6825.34,21.4589,0.0002593556519929672,15.380133669401465,5883.615276
mAb4,25,0.013687,6854.23,21.4269,0.000398080768175252,23.60671679489527,5883.615276
mAb4,25,0.013825,6883.01,21.3963,0.00021411920106396133,12.697552215436094,5883.615276
mAb4,25,0.013963,6911.67,21.3669,0.00031967091989830844,18.956908941355294,5883.615276
mAb4,25,0.014101,6940.22,21.3389,0.00022618225464502957,13.41290726982686,5883.615276
mAb4,25,0.01424,6968.85,21.3118,0.00023522954483083075,13.949423560619934,5883.615276
mAb4,25,0.014378,6997.17,21.2862,0.00027443446896930257,16.274327487389925,5883.615276
mAb4,25,0.014516,7025.37,21.2617,0.0001085674822296142,6.438195489516893,5883.615276
mAb4,25,0.014655,7053.67,21.2383,0.00040411229496578615,23.964394322090655,5883.615276
mAb4,25,0.014793,7081.66,21.2161,0.00025633988859770016,15.201294905803772,5883.615276
mAb4,25,0.014931,7109.54,21.1951,9.9520192043813e-05,5.9016791987238175,5883.615276
mAb4,25,0.015069,7137.31,21.1751,8.745713846274477e-05,5.186324144333052,5883.615276
mAb4,25,0.015208,7165.18,21.156,9.348866525327889e-05,5.544001671528435,5883.615276
mAb4,25,0.015346,7192.74,21.1382,0.00012666206260121657,7.511228071103042,5883.615276
mAb4,25,0.015484,7220.2,21.1213,0.0003347497368746438,19.851102759343753,5883.615276
mAb4,25,0.015622,7247.56,21.1054,0.00021411920106396133,12.697552215436094,5883.615276
mAb4,25,0.01576,7274.82,21.0905,0.0002864975225503708,16.989682541780688,5883.615276
mAb4,25,0.015899,7302.17,21.0765,0.0006182314960297475,36.661946537526745,5883.615276
mAb4,25,0.016037,7329.24,21.0634,8.44413750674777e-05,5.0074853807353605,5883.615276
mAb4,25,0.016175,7356.2,21.0513,0.0001296778259964836,7.690066834700732,5883.615276
mAb4,25,0.016313,7383.06,21.0103,0.00014174087957755186,8.405421889091498,5883.615276
mAb4,25,0.016452,7409.7,20.6225,0.0003558600806415132,21.102974104527593,5883.615276
mAb4,25,0.01659,7435.78,20.451,0.0006333103130060827,37.556140355515204,5883.615276
mAb4,25,0.016728,7461.98,20.7146,0.000346812790455712,20.56645781373452,5883.615276
mAb4,25,0.016867,7488.54,20.8881,0.00012063053581068243,7.153550543907658,5883.615276
mAb4,25,0.017005,7514.9,20.9924,3.618916074320473e-05,2.1460651631722976,5883.615276
mAb4,25,0.017143,7541.21,20.9861,0.00022618225464502957,13.41290726982686,5883.615276
mAb4,25,0.017281,7567.43,20.9807,4.222068753373885e-05,2.5037426903676803,5883.615276
mAb4,25,0.01742,7593.75,20.9759,0.0002834817591551037,16.810843778182996,5883.615276
mAb4,25,0.017558,7619.79,20.9719,4.8252214324272974e-05,2.8614202175630634,5883.615276
mAb4,25,0.017696,7645.75,20.9686,0.0,0.0,5883.615276
mAb4,25,0.017834,7671.63,20.9661,9.650442864854595e-05,5.722840435126127,5883.615276
mAb4,25,0.017972,7697.42,20.9642,8.142561167221064e-05,4.828646617137669,5883.615276
mAb4,25,0.018111,7723.31,20.9631,9.047290185801182e-05,5.365162907930744,5883.615276
mAb4,25,0.018249,7748.93,20.9623,5.42837411148071e-05,3.2190977447584466,5883.615276
mAb4,25,0.018387,7774.47,20.9537,3.9204924138471795e-05,2.324903926769989,5883.615276
mAb4,25,0.018525,7799.9,20.9306,0.0,0.0,5883.615276
mAb4,25,0.018664,7825.41,20.9099,0.00011761477241541538,6.974711780309967,5883.615276
mAb4,25,0.018802,7850.65,20.9,0.00031665515650304137,18.778070177757602,5883.615276
mAb4,25,0.01894,7875.8,20.897,0.0,0.0,5883.615276
mAb4,25,0.019079,7901.06,20.8981,0.0,0.0,5883.615276
mAb4,25,0.019217,7926.05,20.9001,0.00010253595543908007,6.08051796232151,5883.615276
mAb4,25,0.019355,7950.97,20.9026,0.0,0.0,5883.615276
mAb4,25,0.019493,7975.81,20.9058,0.0,0.0,5883.615276
mAb4,25,0.019632,8000.74,20.9071,4.222068753373885e-05,2.5037426903676803,5883.615276
mAb4,25,0.01977,8025.42,20.9035,3.618916074320473e-05,2.1460651631722976,5883.615276
mAb4,25,0.019908,8050.02,20.9071,7.237832148640946e-05,4.292130326344595,5883.615276
mAb4,25,0.020046,8074.55,20.9184,3.618916074320473e-05,2.1460651631722976,5883.615276
mAb4,25,0.020184,8099.01,20.9283,0.00031665515650304137,18.778070177757602,5883.615276
mAb4,25,0.020323,8123.58,20.9363,8.745713846274477e-05,5.186324144333052,5883.615276
mAb4,25,0.020461,8147.9,20.9433,7.539408488167652e-05,4.470969089942287,5883.615276
mAb4,25,0.020599,8172.14,20.9508,4.222068753373885e-05,2.5037426903676803,5883.615276
mAb4,25,0.020737,8196.32,20.9588,0.00018999309390182483,11.266842106654561,5883.615276
mAb4,25,0.020876,8220.6,20.9674,8.44413750674777e-05,5.0074853807353605,5883.615276
mAb4,25,0.021014,8244.63,20.9764,0.0,0.0,5883.615276
mAb4,25,0.021152,8268.6,20.9858,0.0,0.0,5883.615276
mAb4,25,0.021291,8292.67,20.9958,7.840984827694359e-05,4.649807853539978,5883.615276
mAb4,25,0.021429,8316.5,21.0061,3.618916074320473e-05,2.1460651631722976,5883.615276
mAb4,25,0.021567,8340.26,21.0169,3.9204924138471795e-05,2.324903926769989,5883.615276
mAb4,25,0.021705,8363.96,21.0282,0.0,0.0,5883.615276
mAb4,25,0.021844,8387.76,21.0399,0.0,0.0,5883.615276
mAb4,25,0.021982,8411.32,21.052,8.44413750674777e-05,5.0074853807353605,5883.615276
mAb4,25,0.02212,8434.82,21.0645,7.539408488167652e-05,4.470969089942287,5883.615276
mAb4,25,0.022258,8458.26,21.0774,0.00010253595543908007,6.08051796232151,5883.615276
mAb4,25,0.022396,8481.63,21.0907,3.618916074320473e-05,2.1460651631722976,5883.615276
mAb4,25,0.022535,8505.1,21.1045,0.0003076078663172402,18.241553886964528,5883.615276
mAb4,25,0.022673,8528.35,21.1186,0.0,0.0,5883.615276
mAb4,25,0.022811,8551.53,21.1331,0.0001085674822296142,6.438195489516893,5883.615276
mAb4,25,0.022949,8574.65,21.1479,0.0,0.0,5883.615276
mAb4,25,0.023088,8597.88,21.1633,0.0,0.0,5883.615276
mAb4,25,0.023226,8620.88,21.1788,6.333103130060829e-05,3.755614035551521,5883.615276
mAb4,25,0.023364,8643.82,21.1947,4.523645092900591e-05,2.682581453965372,5883.615276
mAb4,25,0.023503,8666.86,21.2111,6.93625580911424e-05,4.1132915627469036,5883.615276
mAb4,25,0.023641,8689.68,21.2277,3.618916074320473e-05,2.1460651631722976,5883.615276
mAb4,25,0.023779,8712.44,21.2447,7.237832148640946e-05,4.292130326344595,5883.615276
mAb4,25,0.023917,8735.15,21.2619,0.0,0.0,5883.615276
mAb4,25,0.024056,8757.95,21.2797,0.0,0.0,5883.615276
mAb4,25,0.024194,8780.54,21.2976,0.0,0.0,5883.615276
mAb4,25,0.024332,8803.07,21.3158,4.523645092900591e-05,2.682581453965372,5883.615276
mAb4,25,0.02447,8825.55,21.3343,3.618916074320473e-05,2.1460651631722976,5883.615276
mAb4,25,0.024608,8847.97,21.3531,0.0,0.0,5883.615276
mAb4,25,0.024747,8870.49,21.3724,4.523645092900591e-05,2.682581453965372,5883.615276
mAb4,25,0.024885,8892.8,21.3918,0.0,0.0,5883.615276
mAb4,25,0.025023,8915.05,21.4114,0.0,0.0,5883.615276
mAb4,25,0.025162,8937.41,21.4315,0.0,0.0,5883.615276
mAb4,25,0.0253,8959.56,21.4518,0.0,0.0,5883.615276
mAb4,25,0.025438,8981.65,21.4723,0.0,0.0,5883.615276
mAb4,25,0.025576,9003.69,21.493,0.0,0.0,5883.615276
mAb4,25,0.025715,9025.83,21.5142,0.0001387251161822848,8.226583125493807,5883.615276
mAb4,25,0.025853,9047.76,21.5355,0.0,0.0,5883.615276
mAb4,25,0.025991,9069.64,21.557,0.0,0.0,5883.615276
mAb4,25,0.026129,9091.47,21.5787,0.0,0.0,5883.615276
mAb4,25,0.026267,9113.23,21.5626,0.0,0.0,5883.615276
mAb4,25,0.026406,9134.88,21.2383,0.0,0.0,5883.615276
mAb4,25,0.026544,9155.88,20.9169,3.9204924138471795e-05,2.324903926769989,5883.615276
mAb4,25,0.026682,9176.93,21.1657,0.0,0.0,5883.615276
mAb4,25,0.02682,9198.29,21.453,0.00018999309390182483,11.266842106654561,5883.615276
mAb4,25,0.026959,9219.88,21.6595,0.0,0.0,5883.615276
mAb4,25,0.027097,9241.33,21.7332,4.523645092900591e-05,2.682581453965372,5883.615276
mAb4,25,0.027235,9262.76,21.7567,0.0,0.0,5883.615276
mAb4,25,0.027374,9284.29,21.7806,0.0,0.0,5883.615276
mAb4,25,0.027512,9305.62,21.8045,4.222068753373885e-05,2.5037426903676803,5883.615276
