protein,charge,mass,CCS_he,CCS_n2
cytochromec,13,12000,,30.8
cytochromec,14,12000,25.2,32
cytochromec,15,12000,26,33.3
cytochromec,16,12000,26.7,34.5
cytochromec,17,12000,27.4,36
cytochromec,18,12000,28,36.7
cytochromec,19,12000,28.7,37.9
cytochromec,20,12000,29.2,
myoglobin,15,17000,,40.6
myoglobin,16,17000,,41.8
myoglobin,17,17000,,43.1
myoglobin,18,17000,35.2,44.4
myoglobin,19,17000,36,45.7
myoglobin,20,17000,36.8,47
myoglobin,21,17000,37.5,48.2
myoglobin,22,17000,38.2,49.2
myoglobin,23,17000,38.7,50.1
myoglobin,24,17000,39.2,50.9
myoglobin,25,17000,39.6,
myoglobin,26,17000,40,
polyalanine5, 1, 373, 1.14, 1.81
polyalanine6, 1, 444, 1.28, 1.95
polyalanine7, 1, 516, 1.41, 2.11
polyalanine8, 1,  587, 1.57, 2.28
polyalanine9, 1,  658, 1.70, 2.43
polyalanine10, 1, 729, 1.81, 2.57
polyalanine11, 1, 800, 1.94, 2.71
polyalanine12, 1, 871, 2.06, 2.82
polyalanine13, 1, 942, 2.17, 2.94
polyalanine14, 1, 1014, 2.28, 3.06
ubiquitin, 7,8000,,19.1
ubiquitin, 8,8000,,19.9
ubiquitin, 9,8000, 16.7, 20.9
ubiquitin, 10, 8000, 17.3, 22
ubiquitin, 11, 8000, 18, 23.4
ubiquitin, 12, 8000, 18.9, 24.8
ubiquitin, 13, 8000, 19.8, 26
BSA, 14, 66400, 40.9, 44.9
BSA, 15, 66400, 41, 44.9
BSA, 16, 66400, 40.6, 44.7
BSA, 17, 66400, 40.4, 44.9
GRGDS, 1, 490, 1.32, 2.06
SDGRG, 1, 490, 1.3, 2.04
conA, 19, 103000,,60.6
conA, 20, 103000,55.5 ,60.8
conA, 21, 103000,55.5 ,60.9
conA, 22, 103000,54.8 ,60.5
conA, 23, 103000,54.5, 
ADH, 23, 143000, 69.4, 74.2
ADH, 24, 143000, 69.4, 74.5
ADH, 25, 143000, 68.3, 74.4
ADH, 26, 143000, 67.2, 75
cytC_native, 6, 12400, 12.4, 14.9
cytC_native, 7, 12400, 12.8, 15.9
Major1, 1, 152.0712, , 1.304
Major2, 1, 195.0882, , 1.382
Major3, 1, 215.0603, , 1.468
Major4, 1, 311.0814, , 1.684
Major5, 1, 380.2185, , 1.917
Major6, 1, 455.291, , 2.088
Major7, 1, 472.3216, , 2.287
Major8, 1, 516.2782, , 2.11
Major9, 1, 556.2771, , 2.298
Major10, 1, 587.3153, , 2.28
Major11, 1, 609.2812, , 2.523
Major12, 1, 658.35239, , 2.43
Major13, 1, 729.3895, , 2.56
Major14, 1, 800.42661, , 2.71
Major15, 1, 871.46372, , 2.82
Major16, 1, 942.50083, , 2.94
Major17, 1, 1013.53794, , 3.06
Major18, 1, 1022.00397, , 2.631
Major19, 1, 1084.5751, , 3.215
Major20, 1, 1155.6122, , 3.336
Major21, 1, 1121.99758, , 2.765
Major22, 1, 1221.99119, , 2.912
Major23, 1, 1321.98481, , 3.04
Major24, 1, 1421.97842, , 3.167
Major25, 1, 1521.97203, , 3.29
Major26, 1, 1621.96564, , 3.401
Major27, 1, 1721.95926, , 3.513
Major28, 1, 1821.95287, , 3.621
Major29, 1, 1921.94648, , 3.726
Tune1, 1, 118, , 1.213
Tune2, 1, 322, , 1.537
Tune3, 1, 622, , 2.029
Tune4, 1, 922, , 2.436
Tune5, 1, 1222, , 2.822
Tune6, 1, 1522, , 3.169
Tune7, 1, 1822, , 3.512
Tune8, 1, 2122, , 3.83
Tune9, 1, 2422, , 4.129
Tune10, 1, 2722, , 4.412